Time Stamp,ID,Extended,Dir,Bus,LEN,D1,D2,D3,D4,D5,D6,D7,D8,D9,D10,D11,D12
1756381612265530,00000281,false,Rx,0,1,60,00,00,00,00,00,00,00
1756381612273108,00000213,false,Rx,0,4,08,00,00,00,00,00,00,00
1756381612273199,00000214,false,Rx,0,4,08,00,00,00,00,00,00,00
1756381612280811,00000213,false,Rx,0,4,08,00,00,00,00,00,00,00
1756381612280920,00000214,false,Rx,0,4,08,00,00,00,00,00,00,00
1756381612288498,00000213,false,Rx,0,4,08,00,00,00,00,00,00,00
1756381612288601,00000214,false,Rx,0,4,08,00,00,00,00,00,00,00
1756381612296222,00000213,false,Rx,0,4,08,00,00,00,00,00,00,00
1756381612296313,00000214,false,Rx,0,4,08,00,00,00,00,00,00,00
1756381612306125,00000213,false,Rx,0,4,08,00,00,00,00,00,00,00
1756381612306216,00000214,false,Rx,0,4,08,00,00,00,00,00,00,00
1756381612309170,00000701,false,Rx,0,1,05,00,00,00,00,00,00,00
1756381612316014,00000213,false,Rx,0,4,08,00,00,00,00,00,00,00
1756381612317097,00000214,false,Rx,0,4,08,00,00,00,00,00,00,00
1756381612327033,00000213,false,Rx,0,4,08,00,00,00,00,00,00,00
1756381612327188,00000214,false,Rx,0,4,08,00,00,00,00,00,00,00
1756381612336917,00000213,false,Rx,0,4,08,00,00,00,00,00,00,00
1756381612337028,00000214,false,Rx,0,4,08,00,00,00,00,00,00,00
1756381612346830,00000213,false,Rx,0,4,08,00,00,00,00,00,00,00
1756381612346919,00000214,false,Rx,0,4,08,00,00,00,00,00,00,00
1756381612357940,00000213,false,Rx,0,4,08,00,00,00,00,00,00,00
1756381612358031,00000214,false,Rx,0,4,08,00,00,00,00,00,00,00
1756381612367865,00000213,false,Rx,0,4,08,00,00,00,00,00,00,00
1756381612367952,00000214,false,Rx,0,4,08,00,00,00,00,00,00,00
1756381612377781,00000213,false,Rx,0,4,08,00,00,00,00,00,00,00
1756381612377864,00000214,false,Rx,0,4,08,00,00,00,00,00,00,00
1756381612387545,00000213,false,Rx,0,4,08,00,00,00,00,00,00,00
1756381612387634,00000214,false,Rx,0,4,08,00,00,00,00,00,00,00
1756381612398515,00000213,false,Rx,0,4,08,00,00,00,00,00,00,00
1756381612398617,00000214,false,Rx,0,4,08,00,00,00,00,00,00,00
1756381612408405,00000213,false,Rx,0,4,08,00,00,00,00,00,00,00
1756381612408510,00000214,false,Rx,0,4,08,00,00,00,00,00,00,00
1756381612409242,00000701,false,Rx,0,1,05,00,00,00,00,00,00,00
1756381612418306,00000213,false,Rx,0,4,08,00,00,00,00,00,00,00
1756381612418414,00000214,false,Rx,0,4,08,00,00,00,00,00,00,00
1756381612428226,00000213,false,Rx,0,4,08,00,00,00,00,00,00,00
1756381612429286,00000214,false,Rx,0,4,08,00,00,00,00,00,00,00
1756381612439216,00000213,false,Rx,0,4,08,00,00,00,00,00,00,00
1756381612439325,00000214,false,Rx,0,4,08,00,00,00,00,00,00,00
1756381612449120,00000213,false,Rx,0,4,08,00,00,00,00,00,00,00
1756381612449226,00000214,false,Rx,0,4,08,00,00,00,00,00,00,00
1756381612459024,00000213,false,Rx,0,4,08,00,00,00,00,00,00,00
1756381612459130,00000214,false,Rx,0,4,08,00,00,00,00,00,00,00
1756381612470011,00000213,false,Rx,0,4,08,00,00,00,00,00,00,00
1756381612470131,00000214,false,Rx,0,4,08,00,00,00,00,00,00,00
1756381612479964,00000213,false,Rx,0,4,08,00,00,00,00,00,00,00
1756381612480089,00000214,false,Rx,0,4,08,00,00,00,00,00,00,00
1756381612489843,00000213,false,Rx,0,4,08,00,00,00,00,00,00,00
1756381612489947,00000214,false,Rx,0,4,08,00,00,00,00,00,00,00
1756381612499745,00000213,false,Rx,0,4,08,00,00,00,00,00,00,00
1756381612499851,00000214,false,Rx,0,4,08,00,00,00,00,00,00,00
1756381612509493,00000701,false,Rx,0,1,05,00,00,00,00,00,00,00
1756381612510720,00000213,false,Rx,0,4,08,00,00,00,00,00,00,00
1756381612510845,00000214,false,Rx,0,4,08,00,00,00,00,00,00,00
1756381612520682,00000213,false,Rx,0,4,08,00,00,00,00,00,00,00
1756381612520781,00000214,false,Rx,0,4,08,00,00,00,00,00,00,00
1756381612530573,00000213,false,Rx,0,4,08,00,00,00,00,00,00,00
1756381612530678,00000214,false,Rx,0,4,08,00,00,00,00,00,00,00
1756381612540547,00000213,false,Rx,0,4,08,00,00,00,00,00,00,00
1756381612541551,00000214,false,Rx,0,4,08,00,00,00,00,00,00,00
1756381612551508,00000213,false,Rx,0,4,08,00,00,00,00,00,00,00
1756381612551585,00000214,false,Rx,0,4,08,00,00,00,00,00,00,00
1756381612561452,00000213,false,Rx,0,4,08,00,00,00,00,00,00,00
1756381612561541,00000214,false,Rx,0,4,08,00,00,00,00,00,00,00
1756381612571276,00000213,false,Rx,0,4,08,00,00,00,00,00,00,00
1756381612571377,00000214,false,Rx,0,4,08,00,00,00,00,00,00,00
1756381612582302,00000213,false,Rx,0,4,08,00,00,00,00,00,00,00
1756381612582395,00000214,false,Rx,0,4,08,00,00,00,00,00,00,00
1756381612592182,00000213,false,Rx,0,4,08,00,00,00,00,00,00,00
1756381612592284,00000214,false,Rx,0,4,08,00,00,00,00,00,00,00
1756381612602082,00000213,false,Rx,0,4,08,00,00,00,00,00,00,00
1756381612602187,00000214,false,Rx,0,4,08,00,00,00,00,00,00,00
1756381612609578,00000701,false,Rx,0,1,05,00,00,00,00,00,00,00
1756381612611961,00000213,false,Rx,0,4,08,00,00,00,00,00,00,00
1756381612612086,00000214,false,Rx,0,4,08,00,00,00,00,00,00,00
1756381612622985,00000213,false,Rx,0,4,08,00,00,00,00,00,00,00
1756381612623094,00000214,false,Rx,0,4,08,00,00,00,00,00,00,00
1756381612632891,00000213,false,Rx,0,4,08,00,00,00,00,00,00,00
1756381612632995,00000214,false,Rx,0,4,08,00,00,00,00,00,00,00
1756381612642786,00000213,false,Rx,0,4,08,00,00,00,00,00,00,00
1756381612642894,00000214,false,Rx,0,4,08,00,00,00,00,00,00,00
1756381612652682,00000213,false,Rx,0,4,08,00,00,00,00,00,00,00
1756381612653760,00000214,false,Rx,0,4,08,00,00,00,00,00,00,00
1756381612663694,00000213,false,Rx,0,4,08,00,00,00,00,00,00,00
1756381612663802,00000214,false,Rx,0,4,08,00,00,00,00,00,00,00
1756381612673593,00000213,false,Rx,0,4,08,00,00,00,00,00,00,00
1756381612673699,00000214,false,Rx,0,4,08,00,00,00,00,00,00,00
1756381612683539,00000213,false,Rx,0,4,08,00,00,00,00,00,00,00
1756381612683635,00000214,false,Rx,0,4,08,00,00,00,00,00,00,00
1756381612694512,00000213,false,Rx,0,4,08,00,00,00,00,00,00,00
1756381612694620,00000214,false,Rx,0,4,08,00,00,00,00,00,00,00
1756381612704413,00000213,false,Rx,0,4,08,00,00,00,00,00,00,00
1756381612704524,00000214,false,Rx,0,4,08,00,00,00,00,00,00,00
1756381612709902,00000701,false,Rx,0,1,05,00,00,00,00,00,00,00
1756381612714296,00000213,false,Rx,0,4,08,00,00,00,00,00,00,00
1756381612714419,00000214,false,Rx,0,4,08,00,00,00,00,00,00,00
1756381612724219,00000213,false,Rx,0,4,08,00,00,00,00,00,00,00
1756381612724330,00000214,false,Rx,0,4,08,00,00,00,00,00,00,00
1756381612735205,00000213,false,Rx,0,4,08,00,00,00,00,00,00,00
1756381612735327,00000214,false,Rx,0,4,08,00,00,00,00,00,00,00
1756381612745146,00000213,false,Rx,0,4,08,00,00,00,00,00,00,00
1756381612745235,00000214,false,Rx,0,4,08,00,00,00,00,00,00,00
1756381612755029,00000213,false,Rx,0,4,08,00,00,00,00,00,00,00
1756381612755131,00000214,false,Rx,0,4,08,00,00,00,00,00,00,00
1756381612764958,00000213,false,Rx,0,4,08,00,00,00,00,00,00,00
1756381612766017,00000214,false,Rx,0,4,08,00,00,00,00,00,00,00
1756381612775949,00000213,false,Rx,0,4,08,00,00,00,00,00,00,00
1756381612776061,00000214,false,Rx,0,4,08,00,00,00,00,00,00,00
1756381612785842,00000213,false,Rx,0,4,08,00,00,00,00,00,00,00
1756381612785943,00000214,false,Rx,0,4,08,00,00,00,00,00,00,00
1756381612795760,00000213,false,Rx,0,4,08,00,00,00,00,00,00,00
1756381612795862,00000214,false,Rx,0,4,08,00,00,00,00,00,00,00
1756381612806784,00000213,false,Rx,0,4,08,00,00,00,00,00,00,00
1756381612806871,00000214,false,Rx,0,4,08,00,00,00,00,00,00,00
1756381612810121,00000701,false,Rx,0,1,05,00,00,00,00,00,00,00
1756381612816648,00000213,false,Rx,0,4,08,00,00,00,00,00,00,00
1756381612816757,00000214,false,Rx,0,4,08,00,00,00,00,00,00,00
1756381612826580,00000213,false,Rx,0,4,08,00,00,00,00,00,00,00
1756381612826684,00000214,false,Rx,0,4,08,00,00,00,00,00,00,00
1756381612836460,00000213,false,Rx,0,4,08,00,00,00,00,00,00,00
1756381612836568,00000214,false,Rx,0,4,08,00,00,00,00,00,00,00
1756381612847465,00000213,false,Rx,0,4,08,00,00,00,00,00,00,00
1756381612847572,00000214,false,Rx,0,4,08,00,00,00,00,00,00,00
1756381612857367,00000213,false,Rx,0,4,08,00,00,00,00,00,00,00
1756381612857475,00000214,false,Rx,0,4,08,00,00,00,00,00,00,00
1756381612867272,00000213,false,Rx,0,4,08,00,00,00,00,00,00,00
1756381612867378,00000214,false,Rx,0,4,08,00,00,00,00,00,00,00
1756381612877218,00000213,false,Rx,0,4,08,00,00,00,00,00,00,00
1756381612878251,00000214,false,Rx,0,4,08,00,00,00,00,00,00,00
1756381612888183,00000213,false,Rx,0,4,08,00,00,00,00,00,00,00
1756381612888291,00000214,false,Rx,0,4,08,00,00,00,00,00,00,00
1756381612898080,00000213,false,Rx,0,4,08,00,00,00,00,00,00,00
1756381612898186,00000214,false,Rx,0,4,08,00,00,00,00,00,00,00
1756381612908028,00000213,false,Rx,0,4,08,00,00,00,00,00,00,00
1756381612908141,00000214,false,Rx,0,4,08,00,00,00,00,00,00,00
1756381612910333,00000701,false,Rx,0,1,05,00,00,00,00,00,00,00
1756381612918967,00000213,false,Rx,0,4,08,00,00,00,00,00,00,00
1756381612919089,00000214,false,Rx,0,4,08,00,00,00,00,00,00,00
1756381612928892,00000213,false,Rx,0,4,08,00,00,00,00,00,00,00
1756381612929000,00000214,false,Rx,0,4,08,00,00,00,00,00,00,00
1756381612938791,00000213,false,Rx,0,4,08,00,00,00,00,00,00,00
1756381612938900,00000214,false,Rx,0,4,08,00,00,00,00,00,00,00
1756381612948697,00000213,false,Rx,0,4,08,00,00,00,00,00,00,00
1756381612948804,00000214,false,Rx,0,4,08,00,00,00,00,00,00,00
1756381612959702,00000213,false,Rx,0,4,08,00,00,00,00,00,00,00
1756381612959808,00000214,false,Rx,0,4,08,00,00,00,00,00,00,00
1756381612969684,00000213,false,Rx,0,4,08,00,00,00,00,00,00,00
1756381612970141,00000214,false,Rx,0,4,08,00,00,00,00,00,00,00
1756381612979548,00000213,false,Rx,0,4,08,00,00,00,00,00,00,00
1756381612979643,00000214,false,Rx,0,4,08,00,00,00,00,00,00,00
1756381612989442,00000213,false,Rx,0,4,08,00,00,00,00,00,00,00
1756381612990534,00000214,false,Rx,0,4,08,00,00,00,00,00,00,00
1756381613000435,00000213,false,Rx,0,4,08,00,00,00,00,00,00,00
1756381613000556,00000214,false,Rx,0,4,08,00,00,00,00,00,00,00
1756381613010349,00000213,false,Rx,0,4,08,00,00,00,00,00,00,00
1756381613010463,00000214,false,Rx,0,4,08,00,00,00,00,00,00,00
1756381613010577,00000701,false,Rx,0,1,05,00,00,00,00,00,00,00
1756381613020250,00000213,false,Rx,0,4,08,00,00,00,00,00,00,00
1756381613020343,00000214,false,Rx,0,4,08,00,00,00,00,00,00,00
1756381613031253,00000213,false,Rx,0,4,08,00,00,00,00,00,00,00
1756381613031348,00000214,false,Rx,0,4,08,00,00,00,00,00,00,00
1756381613041151,00000213,false,Rx,0,4,08,00,00,00,00,00,00,00
1756381613041251,00000214,false,Rx,0,4,08,00,00,00,00,00,00,00
1756381613051094,00000213,false,Rx,0,4,08,00,00,00,00,00,00,00
1756381613051167,00000214,false,Rx,0,4,08,00,00,00,00,00,00,00
1756381613060980,00000213,false,Rx,0,4,08,00,00,00,00,00,00,00
1756381613061065,00000214,false,Rx,0,4,08,00,00,00,00,00,00,00
1756381613071973,00000213,false,Rx,0,4,08,00,00,00,00,00,00,00
1756381613072089,00000214,false,Rx,0,4,08,00,00,00,00,00,00,00
1756381613081881,00000213,false,Rx,0,4,08,00,00,00,00,00,00,00
1756381613081994,00000214,false,Rx,0,4,08,00,00,00,00,00,00,00
1756381613091773,00000213,false,Rx,0,4,08,00,00,00,00,00,00,00
1756381613091875,00000214,false,Rx,0,4,08,00,00,00,00,00,00,00
1756381613101680,00000213,false,Rx,0,4,08,00,00,00,00,00,00,00
1756381613102748,00000214,false,Rx,0,4,08,00,00,00,00,00,00,00
1756381613110718,00000701,false,Rx,0,1,05,00,00,00,00,00,00,00
1756381613112629,00000213,false,Rx,0,4,08,00,00,00,00,00,00,00
1756381613112795,00000214,false,Rx,0,4,08,00,00,00,00,00,00,00
1756381613122583,00000213,false,Rx,0,4,08,00,00,00,00,00,00,00
1756381613122682,00000214,false,Rx,0,4,08,00,00,00,00,00,00,00
1756381613132463,00000213,false,Rx,0,4,08,00,00,00,00,00,00,00
1756381613132572,00000214,false,Rx,0,4,08,00,00,00,00,00,00,00
1756381613143483,00000213,false,Rx,0,4,08,00,00,00,00,00,00,00
1756381613143584,00000214,false,Rx,0,4,08,00,00,00,00,00,00,00
1756381613153398,00000213,false,Rx,0,4,08,00,00,00,00,00,00,00
1756381613153509,00000214,false,Rx,0,4,08,00,00,00,00,00,00,00
1756381613163291,00000213,false,Rx,0,4,08,00,00,00,00,00,00,00
1756381613163393,00000214,false,Rx,0,4,08,00,00,00,00,00,00,00
1756381613173178,00000213,false,Rx,0,4,08,00,00,00,00,00,00,00
1756381613173285,00000214,false,Rx,0,4,08,00,00,00,00,00,00,00
1756381613184209,00000213,false,Rx,0,4,08,00,00,00,00,00,00,00
1756381613184324,00000214,false,Rx,0,4,08,00,00,00,00,00,00,00
1756381613194090,00000213,false,Rx,0,4,08,00,00,00,00,00,00,00
1756381613194194,00000214,false,Rx,0,4,08,00,00,00,00,00,00,00
1756381613203978,00000213,false,Rx,0,4,08,00,00,00,00,00,00,00
1756381613204087,00000214,false,Rx,0,4,08,00,00,00,00,00,00,00
1756381613210979,00000701,false,Rx,0,1,05,00,00,00,00,00,00,00
1756381613213913,00000213,false,Rx,0,4,08,00,00,00,00,00,00,00
1756381613215005,00000214,false,Rx,0,4,08,00,00,00,00,00,00,00
1756381613224902,00000213,false,Rx,0,4,08,00,00,00,00,00,00,00
1756381613225008,00000214,false,Rx,0,4,08,00,00,00,00,00,00,00
1756381613234810,00000213,false,Rx,0,4,08,00,00,00,00,00,00,00
1756381613234919,00000214,false,Rx,0,4,08,00,00,00,00,00,00,00
1756381613244736,00000213,false,Rx,0,4,08,00,00,00,00,00,00,00
1756381613244838,00000214,false,Rx,0,4,08,00,00,00,00,00,00,00
1756381613255729,00000213,false,Rx,0,4,08,00,00,00,00,00,00,00
1756381613255828,00000214,false,Rx,0,4,08,00,00,00,00,00,00,00
1756381613265624,00000213,false,Rx,0,4,08,00,00,00,00,00,00,00
1756381613265725,00000214,false,Rx,0,4,08,00,00,00,00,00,00,00
1756381613275539,00000213,false,Rx,0,4,08,00,00,00,00,00,00,00
1756381613275642,00000214,false,Rx,0,4,08,00,00,00,00,00,00,00
1756381613285439,00000213,false,Rx,0,4,08,00,00,00,00,00,00,00
1756381613285530,00000214,false,Rx,0,4,08,00,00,00,00,00,00,00
1756381613296439,00000213,false,Rx,0,4,08,00,00,00,00,00,00,00
1756381613296540,00000214,false,Rx,0,4,08,00,00,00,00,00,00,00
1756381613306336,00000213,false,Rx,0,4,08,00,00,00,00,00,00,00
1756381613306438,00000214,false,Rx,0,4,08,00,00,00,00,00,00,00
1756381613311200,00000701,false,Rx,0,1,05,00,00,00,00,00,00,00
1756381613316240,00000213,false,Rx,0,4,08,00,00,00,00,00,00,00
1756381613316344,00000214,false,Rx,0,4,08,00,00,00,00,00,00,00
1756381613326144,00000213,false,Rx,0,4,08,00,00,00,00,00,00,00
1756381613327201,00000214,false,Rx,0,4,08,00,00,00,00,00,00,00
1756381613337146,00000213,false,Rx,0,4,08,00,00,00,00,00,00,00
1756381613337247,00000214,false,Rx,0,4,08,00,00,00,00,00,00,00
1756381613347054,00000213,false,Rx,0,4,08,00,00,00,00,00,00,00
1756381613347154,00000214,false,Rx,0,4,08,00,00,00,00,00,00,00
1756381613356951,00000213,false,Rx,0,4,08,00,00,00,00,00,00,00
1756381613357053,00000214,false,Rx,0,4,08,00,00,00,00,00,00,00
1756381613367968,00000213,false,Rx,0,4,08,00,00,00,00,00,00,00
1756381613368095,00000214,false,Rx,0,4,08,00,00,00,00,00,00,00
1756381613377872,00000213,false,Rx,0,4,08,00,00,00,00,00,00,00
1756381613377967,00000214,false,Rx,0,4,08,00,00,00,00,00,00,00
1756381613387765,00000213,false,Rx,0,4,08,00,00,00,00,00,00,00
1756381613387865,00000214,false,Rx,0,4,08,00,00,00,00,00,00,00
1756381613397667,00000213,false,Rx,0,4,08,00,00,00,00,00,00,00
1756381613397768,00000214,false,Rx,0,4,08,00,00,00,00,00,00,00
1756381613408680,00000213,false,Rx,0,4,08,00,00,00,00,00,00,00
1756381613408777,00000214,false,Rx,0,4,08,00,00,00,00,00,00,00
1756381613411332,00000701,false,Rx,0,1,05,00,00,00,00,00,00,00
1756381613418578,00000213,false,Rx,0,4,08,00,00,00,00,00,00,00
1756381613418697,00000214,false,Rx,0,4,08,00,00,00,00,00,00,00
1756381613428478,00000213,false,Rx,0,4,08,00,00,00,00,00,00,00
1756381613428580,00000214,false,Rx,0,4,08,00,00,00,00,00,00,00
1756381613438387,00000213,false,Rx,0,4,08,00,00,00,00,00,00,00
1756381613439477,00000214,false,Rx,0,4,08,00,00,00,00,00,00,00
1756381613449386,00000213,false,Rx,0,4,08,00,00,00,00,00,00,00
1756381613449486,00000214,false,Rx,0,4,08,00,00,00,00,00,00,00
1756381613459299,00000213,false,Rx,0,4,08,00,00,00,00,00,00,00
1756381613459425,00000214,false,Rx,0,4,08,00,00,00,00,00,00,00
1756381613469201,00000213,false,Rx,0,4,08,00,00,00,00,00,00,00
1756381613469296,00000214,false,Rx,0,4,08,00,00,00,00,00,00,00
1756381613480199,00000213,false,Rx,0,4,08,00,00,00,00,00,00,00
1756381613480298,00000214,false,Rx,0,4,08,00,00,00,00,00,00,00
1756381613490105,00000213,false,Rx,0,4,08,00,00,00,00,00,00,00
1756381613490227,00000214,false,Rx,0,4,08,00,00,00,00,00,00,00
1756381613500005,00000213,false,Rx,0,4,08,00,00,00,00,00,00,00
1756381613500103,00000214,false,Rx,0,4,08,00,00,00,00,00,00,00
1756381613509990,00000213,false,Rx,0,4,08,00,00,00,00,00,00,00
1756381613510053,00000214,false,Rx,0,4,08,00,00,00,00,00,00,00
1756381613511465,00000701,false,Rx,0,1,05,00,00,00,00,00,00,00
1756381613520919,00000213,false,Rx,0,4,08,00,00,00,00,00,00,00
1756381613521034,00000214,false,Rx,0,4,08,00,00,00,00,00,00,00
1756381613530816,00000213,false,Rx,0,4,08,00,00,00,00,00,00,00
1756381613530917,00000214,false,Rx,0,4,08,00,00,00,00,00,00,00
1756381613540723,00000213,false,Rx,0,4,08,00,00,00,00,00,00,00
1756381613540825,00000214,false,Rx,0,4,08,00,00,00,00,00,00,00
1756381613550632,00000213,false,Rx,0,4,08,00,00,00,00,00,00,00
1756381613551709,00000214,false,Rx,0,4,08,00,00,00,00,00,00,00
1756381613561619,00000213,false,Rx,0,4,08,00,00,00,00,00,00,00
1756381613561722,00000214,false,Rx,0,4,08,00,00,00,00,00,00,00
1756381613571528,00000213,false,Rx,0,4,08,00,00,00,00,00,00,00
1756381613571629,00000214,false,Rx,0,4,08,00,00,00,00,00,00,00
1756381613581437,00000213,false,Rx,0,4,08,00,00,00,00,00,00,00
1756381613581533,00000214,false,Rx,0,4,08,00,00,00,00,00,00,00
1756381613592435,00000213,false,Rx,0,4,08,00,00,00,00,00,00,00
1756381613592535,00000214,false,Rx,0,4,08,00,00,00,00,00,00,00
1756381613602344,00000213,false,Rx,0,4,08,00,00,00,00,00,00,00
1756381613602463,00000214,false,Rx,0,4,08,00,00,00,00,00,00,00
1756381613611850,00000701,false,Rx,0,1,05,00,00,00,00,00,00,00
1756381613612197,00000213,false,Rx,0,4,08,00,00,00,00,00,00,00
1756381613612323,00000214,false,Rx,0,4,08,00,00,00,00,00,00,00
1756381613622149,00000213,false,Rx,0,4,08,00,00,00,00,00,00,00
1756381613622265,00000214,false,Rx,0,4,08,00,00,00,00,00,00,00
1756381613633163,00000213,false,Rx,0,4,08,00,00,00,00,00,00,00
1756381613633260,00000214,false,Rx,0,4,08,00,00,00,00,00,00,00
1756381613643055,00000213,false,Rx,0,4,08,00,00,00,00,00,00,00
1756381613643159,00000214,false,Rx,0,4,08,00,00,00,00,00,00,00
1756381613652961,00000213,false,Rx,0,4,08,00,00,00,00,00,00,00
1756381613653059,00000214,false,Rx,0,4,08,00,00,00,00,00,00,00
1756381613662880,00000213,false,Rx,0,4,08,00,00,00,00,00,00,00
1756381613663924,00000214,false,Rx,0,4,08,00,00,00,00,00,00,00
1756381613673860,00000213,false,Rx,0,4,08,00,00,00,00,00,00,00
1756381613673975,00000214,false,Rx,0,4,08,00,00,00,00,00,00,00
1756381613683774,00000213,false,Rx,0,4,08,00,00,00,00,00,00,00
1756381613683870,00000214,false,Rx,0,4,08,00,00,00,00,00,00,00
1756381613693676,00000213,false,Rx,0,4,08,00,00,00,00,00,00,00
1756381613693771,00000214,false,Rx,0,4,08,00,00,00,00,00,00,00
1756381613704676,00000213,false,Rx,0,4,08,00,00,00,00,00,00,00
1756381613704790,00000214,false,Rx,0,4,08,00,00,00,00,00,00,00
1756381613712071,00000701,false,Rx,0,1,05,00,00,00,00,00,00,00
1756381613714569,00000213,false,Rx,0,4,08,00,00,00,00,00,00,00
1756381613714674,00000214,false,Rx,0,4,08,00,00,00,00,00,00,00
1756381613724484,00000213,false,Rx,0,4,08,00,00,00,00,00,00,00
1756381613724582,00000214,false,Rx,0,4,08,00,00,00,00,00,00,00
1756381613734391,00000213,false,Rx,0,4,08,00,00,00,00,00,00,00
1756381613734488,00000214,false,Rx,0,4,08,00,00,00,00,00,00,00
1756381613745388,00000213,false,Rx,0,4,08,00,00,00,00,00,00,00
1756381613745487,00000214,false,Rx,0,4,08,00,00,00,00,00,00,00
1756381613755291,00000213,false,Rx,0,4,08,00,00,00,00,00,00,00
1756381613755396,00000214,false,Rx,0,4,08,00,00,00,00,00,00,00
1756381613765190,00000213,false,Rx,0,4,08,00,00,00,00,00,00,00
1756381613765293,00000214,false,Rx,0,4,08,00,00,00,00,00,00,00
1756381613775100,00000213,false,Rx,0,4,08,00,00,00,00,00,00,00
1756381613776174,00000214,false,Rx,0,4,08,00,00,00,00,00,00,00
1756381613786099,00000213,false,Rx,0,4,08,00,00,00,00,00,00,00
1756381613786200,00000214,false,Rx,0,4,08,00,00,00,00,00,00,00
1756381613796007,00000213,false,Rx,0,4,08,00,00,00,00,00,00,00
1756381613796113,00000214,false,Rx,0,4,08,00,00,00,00,00,00,00
1756381613805904,00000213,false,Rx,0,4,08,00,00,00,00,00,00,00
1756381613806006,00000214,false,Rx,0,4,08,00,00,00,00,00,00,00
1756381613812272,00000701,false,Rx,0,1,05,00,00,00,00,00,00,00
1756381613816871,00000213,false,Rx,0,4,08,00,00,00,00,00,00,00
1756381613816993,00000214,false,Rx,0,4,08,00,00,00,00,00,00,00
1756381613826816,00000213,false,Rx,0,4,08,00,00,00,00,00,00,00
1756381613826919,00000214,false,Rx,0,4,08,00,00,00,00,00,00,00
1756381613836717,00000213,false,Rx,0,4,08,00,00,00,00,00,00,00
1756381613836816,00000214,false,Rx,0,4,08,00,00,00,00,00,00,00
1756381613846620,00000213,false,Rx,0,4,08,00,00,00,00,00,00,00
1756381613846723,00000214,false,Rx,0,4,08,00,00,00,00,00,00,00
1756381613857633,00000213,false,Rx,0,4,08,00,00,00,00,00,00,00
1756381613857728,00000214,false,Rx,0,4,08,00,00,00,00,00,00,00
1756381613867527,00000213,false,Rx,0,4,08,00,00,00,00,00,00,00
1756381613867627,00000214,false,Rx,0,4,08,00,00,00,00,00,00,00
1756381613877444,00000213,false,Rx,0,4,08,00,00,00,00,00,00,00
1756381613877558,00000214,false,Rx,0,4,08,00,00,00,00,00,00,00
1756381613887341,00000213,false,Rx,0,4,08,00,00,00,00,00,00,00
1756381613888390,00000214,false,Rx,0,4,08,00,00,00,00,00,00,00
1756381613898338,00000213,false,Rx,0,4,08,00,00,00,00,00,00,00
1756381613898441,00000214,false,Rx,0,4,08,00,00,00,00,00,00,00
1756381613908248,00000213,false,Rx,0,4,08,00,00,00,00,00,00,00
1756381613908360,00000214,false,Rx,0,4,08,00,00,00,00,00,00,00
1756381613912500,00000701,false,Rx,0,1,05,00,00,00,00,00,00,00
1756381613918163,00000213,false,Rx,0,4,08,00,00,00,00,00,00,00
1756381613918278,00000214,false,Rx,0,4,08,00,00,00,00,00,00,00
1756381613929156,00000213,false,Rx,0,4,08,00,00,00,00,00,00,00
1756381613929249,00000214,false,Rx,0,4,08,00,00,00,00,00,00,00
1756381613939064,00000213,false,Rx,0,4,08,00,00,00,00,00,00,00
1756381613939158,00000214,false,Rx,0,4,08,00,00,00,00,00,00,00
1756381613948963,00000213,false,Rx,0,4,08,00,00,00,00,00,00,00
1756381613949058,00000214,false,Rx,0,4,08,00,00,00,00,00,00,00
1756381613958868,00000213,false,Rx,0,4,08,00,00,00,00,00,00,00
1756381613959954,00000214,false,Rx,0,4,08,00,00,00,00,00,00,00
1756381613969855,00000213,false,Rx,0,4,08,00,00,00,00,00,00,00
1756381613969957,00000214,false,Rx,0,4,08,00,00,00,00,00,00,00
1756381613979780,00000213,false,Rx,0,4,08,00,00,00,00,00,00,00
1756381613979880,00000214,false,Rx,0,4,08,00,00,00,00,00,00,00
1756381613989642,00000213,false,Rx,0,4,08,00,00,00,00,00,00,00
1756381613989782,00000214,false,Rx,0,4,08,00,00,00,00,00,00,00
1756381614000676,00000213,false,Rx,0,4,08,00,00,00,00,00,00,00
1756381614000781,00000214,false,Rx,0,4,08,00,00,00,00,00,00,00
1756381614010574,00000213,false,Rx,0,4,08,00,00,00,00,00,00,00
1756381614010673,00000214,false,Rx,0,4,08,00,00,00,00,00,00,00
1756381614012730,00000701,false,Rx,0,1,05,00,00,00,00,00,00,00
1756381614020474,00000213,false,Rx,0,4,08,00,00,00,00,00,00,00
1756381614020571,00000214,false,Rx,0,4,08,00,00,00,00,00,00,00
1756381614030380,00000213,false,Rx,0,4,08,00,00,00,00,00,00,00
1756381614030484,00000214,false,Rx,0,4,08,00,00,00,00,00,00,00
1756381614041382,00000213,false,Rx,0,4,08,00,00,00,00,00,00,00
1756381614041488,00000214,false,Rx,0,4,08,00,00,00,00,00,00,00
1756381614051291,00000213,false,Rx,0,4,08,00,00,00,00,00,00,00
1756381614051407,00000214,false,Rx,0,4,08,00,00,00,00,00,00,00
1756381614061193,00000213,false,Rx,0,4,08,00,00,00,00,00,00,00
1756381614061293,00000214,false,Rx,0,4,08,00,00,00,00,00,00,00
1756381614071103,00000213,false,Rx,0,4,08,00,00,00,00,00,00,00
1756381614072154,00000214,false,Rx,0,4,08,00,00,00,00,00,00,00
1756381614082106,00000213,false,Rx,0,4,08,00,00,00,00,00,00,00
1756381614082206,00000214,false,Rx,0,4,08,00,00,00,00,00,00,00
1756381614091998,00000213,false,Rx,0,4,08,00,00,00,00,00,00,00
1756381614092102,00000214,false,Rx,0,4,08,00,00,00,00,00,00,00
1756381614101911,00000213,false,Rx,0,4,08,00,00,00,00,00,00,00
1756381614102014,00000214,false,Rx,0,4,08,00,00,00,00,00,00,00
1756381614112908,00000213,false,Rx,0,4,08,00,00,00,00,00,00,00
1756381614113062,00000214,false,Rx,0,4,08,00,00,00,00,00,00,00
1756381614113110,00000004,false,Rx,0,8,00,09,00,00,00,00,00,00
1756381614113207,00000701,false,Rx,0,1,05,00,00,00,00,00,00,00
1756381614122821,00000213,false,Rx,0,4,08,00,00,00,00,00,00,00
1756381614122932,00000214,false,Rx,0,4,08,00,00,00,00,00,00,00
1756381614132720,00000213,false,Rx,0,4,08,00,00,00,00,00,00,00
1756381614132822,00000214,false,Rx,0,4,08,00,00,00,00,00,00,00
1756381614142616,00000213,false,Rx,0,4,08,00,00,00,00,00,00,00
1756381614142717,00000214,false,Rx,0,4,08,00,00,00,00,00,00,00
1756381614153626,00000213,false,Rx,0,4,08,00,00,00,00,00,00,00
1756381614153727,00000214,false,Rx,0,4,08,00,00,00,00,00,00,00
1756381614163529,00000213,false,Rx,0,4,08,00,00,00,00,00,00,00
1756381614163643,00000214,false,Rx,0,4,08,00,00,00,00,00,00,00
1756381614173429,00000213,false,Rx,0,4,08,00,00,00,00,00,00,00
1756381614173532,00000214,false,Rx,0,4,08,00,00,00,00,00,00,00
1756381614183348,00000213,false,Rx,0,4,08,00,00,00,00,00,00,00
1756381614184430,00000214,false,Rx,0,4,08,00,00,00,00,00,00,00
1756381614194345,00000213,false,Rx,0,4,08,00,00,00,00,00,00,00
1756381614194442,00000214,false,Rx,0,4,08,00,00,00,00,00,00,00
1756381614204249,00000213,false,Rx,0,4,08,00,00,00,00,00,00,00
1756381614204351,00000214,false,Rx,0,4,08,00,00,00,00,00,00,00
1756381614213213,00000701,false,Rx,0,1,05,00,00,00,00,00,00,00
1756381614214105,00000213,false,Rx,0,4,08,00,00,00,00,00,00,00
1756381614214235,00000214,false,Rx,0,4,08,00,00,00,00,00,00,00
1756381614225147,00000213,false,Rx,0,4,08,00,00,00,00,00,00,00
1756381614225253,00000214,false,Rx,0,4,08,00,00,00,00,00,00,00
1756381614235048,00000213,false,Rx,0,4,08,00,00,00,00,00,00,00
1756381614235150,00000214,false,Rx,0,4,08,00,00,00,00,00,00,00
1756381614244962,00000213,false,Rx,0,4,08,00,00,00,00,00,00,00
1756381614245061,00000214,false,Rx,0,4,08,00,00,00,00,00,00,00
1756381614254855,00000213,false,Rx,0,4,08,00,00,00,00,00,00,00
1756381614254956,00000214,false,Rx,0,4,08,00,00,00,00,00,00,00
1756381614265864,00000213,false,Rx,0,4,08,00,00,00,00,00,00,00
1756381614265999,00000214,false,Rx,0,4,08,00,00,00,00,00,00,00
1756381614275771,00000213,false,Rx,0,4,08,00,00,00,00,00,00,00
1756381614275869,00000214,false,Rx,0,4,08,00,00,00,00,00,00,00
1756381614285684,00000213,false,Rx,0,4,08,00,00,00,00,00,00,00
1756381614285776,00000214,false,Rx,0,4,08,00,00,00,00,00,00,00
1756381614295580,00000213,false,Rx,0,4,08,00,00,00,00,00,00,00
1756381614296650,00000214,false,Rx,0,4,08,00,00,00,00,00,00,00
1756381614306573,00000213,false,Rx,0,4,08,00,00,00,00,00,00,00
1756381614306671,00000214,false,Rx,0,4,08,00,00,00,00,00,00,00
1756381614313453,00000701,false,Rx,0,1,05,00,00,00,00,00,00,00
1756381614316472,00000213,false,Rx,0,4,08,00,00,00,00,00,00,00
1756381614316576,00000214,false,Rx,0,4,08,00,00,00,00,00,00,00
1756381614326392,00000213,false,Rx,0,4,08,00,00,00,00,00,00,00
1756381614326486,00000214,false,Rx,0,4,08,00,00,00,00,00,00,00
1756381614337387,00000213,false,Rx,0,4,08,00,00,00,00,00,00,00
1756381614337485,00000214,false,Rx,0,4,08,00,00,00,00,00,00,00
1756381614347286,00000213,false,Rx,0,4,08,00,00,00,00,00,00,00
1756381614347390,00000214,false,Rx,0,4,08,00,00,00,00,00,00,00
1756381614357190,00000213,false,Rx,0,4,08,00,00,00,00,00,00,00
1756381614357291,00000214,false,Rx,0,4,08,00,00,00,00,00,00,00
1756381614367112,00000213,false,Rx,0,4,08,00,00,00,00,00,00,00
1756381614368188,00000214,false,Rx,0,4,08,00,00,00,00,00,00,00
1756381614378107,00000213,false,Rx,0,4,08,00,00,00,00,00,00,00
1756381614378204,00000214,false,Rx,0,4,08,00,00,00,00,00,00,00
1756381614387999,00000213,false,Rx,0,4,08,00,00,00,00,00,00,00
1756381614388104,00000214,false,Rx,0,4,08,00,00,00,00,00,00,00
1756381614397900,00000213,false,Rx,0,4,08,00,00,00,00,00,00,00
1756381614398004,00000214,false,Rx,0,4,08,00,00,00,00,00,00,00
1756381614408904,00000213,false,Rx,0,4,08,00,00,00,00,00,00,00
1756381614409006,00000214,false,Rx,0,4,08,00,00,00,00,00,00,00
1756381614413674,00000701,false,Rx,0,1,05,00,00,00,00,00,00,00
1756381614418809,00000213,false,Rx,0,4,08,00,00,00,00,00,00,00
1756381614418911,00000214,false,Rx,0,4,08,00,00,00,00,00,00,00
1756381614428718,00000213,false,Rx,0,4,08,00,00,00,00,00,00,00
1756381614428838,00000214,false,Rx,0,4,08,00,00,00,00,00,00,00
1756381614438621,00000213,false,Rx,0,4,08,00,00,00,00,00,00,00
1756381614438720,00000214,false,Rx,0,4,08,00,00,00,00,00,00,00
1756381614449622,00000213,false,Rx,0,4,08,00,00,00,00,00,00,00
1756381614449727,00000214,false,Rx,0,4,08,00,00,00,00,00,00,00
1756381614459524,00000213,false,Rx,0,4,08,00,00,00,00,00,00,00
1756381614459627,00000214,false,Rx,0,4,08,00,00,00,00,00,00,00
1756381614469429,00000213,false,Rx,0,4,08,00,00,00,00,00,00,00
1756381614469533,00000214,false,Rx,0,4,08,00,00,00,00,00,00,00
1756381614479347,00000213,false,Rx,0,4,08,00,00,00,00,00,00,00
1756381614480399,00000214,false,Rx,0,4,08,00,00,00,00,00,00,00
1756381614490335,00000213,false,Rx,0,4,08,00,00,00,00,00,00,00
1756381614490438,00000214,false,Rx,0,4,08,00,00,00,00,00,00,00
1756381614500237,00000213,false,Rx,0,4,08,00,00,00,00,00,00,00
1756381614500355,00000214,false,Rx,0,4,08,00,00,00,00,00,00,00
1756381614510229,00000213,false,Rx,0,4,08,00,00,00,00,00,00,00
1756381614510293,00000214,false,Rx,0,4,08,00,00,00,00,00,00,00
1756381614513819,00000701,false,Rx,0,1,05,00,00,00,00,00,00,00
1756381614521141,00000213,false,Rx,0,4,08,00,00,00,00,00,00,00
1756381614521245,00000214,false,Rx,0,4,08,00,00,00,00,00,00,00
1756381614531051,00000213,false,Rx,0,4,08,00,00,00,00,00,00,00
1756381614531150,00000214,false,Rx,0,4,08,00,00,00,00,00,00,00
1756381614540955,00000213,false,Rx,0,4,08,00,00,00,00,00,00,00
1756381614541057,00000214,false,Rx,0,4,08,00,00,00,00,00,00,00
1756381614550860,00000213,false,Rx,0,4,08,00,00,00,00,00,00,00
1756381614550958,00000214,false,Rx,0,4,08,00,00,00,00,00,00,00
1756381614561864,00000213,false,Rx,0,4,08,00,00,00,00,00,00,00
1756381614561964,00000214,false,Rx,0,4,08,00,00,00,00,00,00,00
1756381614571764,00000213,false,Rx,0,4,08,00,00,00,00,00,00,00
1756381614571864,00000214,false,Rx,0,4,08,00,00,00,00,00,00,00
1756381614581676,00000213,false,Rx,0,4,08,00,00,00,00,00,00,00
1756381614581777,00000214,false,Rx,0,4,08,00,00,00,00,00,00,00
1756381614591579,00000213,false,Rx,0,4,08,00,00,00,00,00,00,00
1756381614592650,00000214,false,Rx,0,4,08,00,00,00,00,00,00,00
1756381614602570,00000213,false,Rx,0,4,08,00,00,00,00,00,00,00
1756381614602675,00000214,false,Rx,0,4,08,00,00,00,00,00,00,00
1756381614612477,00000213,false,Rx,0,4,08,00,00,00,00,00,00,00
1756381614612582,00000214,false,Rx,0,4,08,00,00,00,00,00,00,00
1756381614613935,00000701,false,Rx,0,1,05,00,00,00,00,00,00,00
1756381614622363,00000213,false,Rx,0,4,08,00,00,00,00,00,00,00
1756381614622471,00000214,false,Rx,0,4,08,00,00,00,00,00,00,00
1756381614633378,00000213,false,Rx,0,4,08,00,00,00,00,00,00,00
1756381614633496,00000214,false,Rx,0,4,08,00,00,00,00,00,00,00
1756381614643284,00000213,false,Rx,0,4,08,00,00,00,00,00,00,00
1756381614643387,00000214,false,Rx,0,4,08,00,00,00,00,00,00,00
1756381614653184,00000213,false,Rx,0,4,08,00,00,00,00,00,00,00
1756381614653291,00000214,false,Rx,0,4,08,00,00,00,00,00,00,00
1756381614663092,00000213,false,Rx,0,4,08,00,00,00,00,00,00,00
1756381614663195,00000214,false,Rx,0,4,08,00,00,00,00,00,00,00
1756381614674096,00000213,false,Rx,0,4,08,00,00,00,00,00,00,00
1756381614674198,00000214,false,Rx,0,4,08,00,00,00,00,00,00,00
1756381614684023,00000213,false,Rx,0,4,08,00,00,00,00,00,00,00
1756381614684123,00000214,false,Rx,0,4,08,00,00,00,00,00,00,00
1756381614693884,00000213,false,Rx,0,4,08,00,00,00,00,00,00,00
1756381614693994,00000214,false,Rx,0,4,08,00,00,00,00,00,00,00
1756381614703814,00000213,false,Rx,0,4,08,00,00,00,00,00,00,00
1756381614704896,00000214,false,Rx,0,4,08,00,00,00,00,00,00,00
1756381614714168,00000701,false,Rx,0,1,05,00,00,00,00,00,00,00
1756381614714796,00000213,false,Rx,0,4,08,00,00,00,00,00,00,00
1756381614714902,00000214,false,Rx,0,4,08,00,00,00,00,00,00,00
1756381614724708,00000213,false,Rx,0,4,08,00,00,00,00,00,00,00
1756381614724819,00000214,false,Rx,0,4,08,00,00,00,00,00,00,00
1756381614734629,00000213,false,Rx,0,4,08,00,00,00,00,00,00,00
1756381614734727,00000214,false,Rx,0,4,08,00,00,00,00,00,00,00
1756381614745627,00000213,false,Rx,0,4,08,00,00,00,00,00,00,00
1756381614745727,00000214,false,Rx,0,4,08,00,00,00,00,00,00,00
1756381614755527,00000213,false,Rx,0,4,08,00,00,00,00,00,00,00
1756381614755628,00000214,false,Rx,0,4,08,00,00,00,00,00,00,00
1756381614765430,00000213,false,Rx,0,4,08,00,00,00,00,00,00,00
1756381614765533,00000214,false,Rx,0,4,08,00,00,00,00,00,00,00
1756381614775332,00000213,false,Rx,0,4,08,00,00,00,00,00,00,00
1756381614775434,00000214,false,Rx,0,4,08,00,00,00,00,00,00,00
1756381614786347,00000213,false,Rx,0,4,08,00,00,00,00,00,00,00
1756381614786445,00000214,false,Rx,0,4,08,00,00,00,00,00,00,00
1756381614796245,00000213,false,Rx,0,4,08,00,00,00,00,00,00,00
1756381614796347,00000214,false,Rx,0,4,08,00,00,00,00,00,00,00
1756381614806137,00000213,false,Rx,0,4,08,00,00,00,00,00,00,00
1756381614806242,00000214,false,Rx,0,4,08,00,00,00,00,00,00,00
1756381614814394,00000701,false,Rx,0,1,05,00,00,00,00,00,00,00
1756381614816040,00000213,false,Rx,0,4,08,00,00,00,00,00,00,00
1756381614817124,00000214,false,Rx,0,4,08,00,00,00,00,00,00,00
1756381614827055,00000213,false,Rx,0,4,08,00,00,00,00,00,00,00
1756381614827158,00000214,false,Rx,0,4,08,00,00,00,00,00,00,00
1756381614836965,00000213,false,Rx,0,4,08,00,00,00,00,00,00,00
1756381614837061,00000214,false,Rx,0,4,08,00,00,00,00,00,00,00
1756381614846866,00000213,false,Rx,0,4,08,00,00,00,00,00,00,00
1756381614846965,00000214,false,Rx,0,4,08,00,00,00,00,00,00,00
1756381614857869,00000213,false,Rx,0,4,08,00,00,00,00,00,00,00
1756381614858018,00000214,false,Rx,0,4,08,00,00,00,00,00,00,00
1756381614867776,00000213,false,Rx,0,4,08,00,00,00,00,00,00,00
1756381614867876,00000214,false,Rx,0,4,08,00,00,00,00,00,00,00
1756381614877676,00000213,false,Rx,0,4,08,00,00,00,00,00,00,00
1756381614877771,00000214,false,Rx,0,4,08,00,00,00,00,00,00,00
1756381614887581,00000213,false,Rx,0,4,08,00,00,00,00,00,00,00
1756381614887679,00000214,false,Rx,0,4,08,00,00,00,00,00,00,00
1756381614898585,00000213,false,Rx,0,4,08,00,00,00,00,00,00,00
1756381614898682,00000214,false,Rx,0,4,08,00,00,00,00,00,00,00
1756381614908514,00000213,false,Rx,0,4,08,00,00,00,00,00,00,00
1756381614908604,00000214,false,Rx,0,4,08,00,00,00,00,00,00,00
1756381614914658,00000701,false,Rx,0,1,05,00,00,00,00,00,00,00
1756381614918388,00000213,false,Rx,0,4,08,00,00,00,00,00,00,00
1756381614918489,00000214,false,Rx,0,4,08,00,00,00,00,00,00,00
1756381614928294,00000213,false,Rx,0,4,08,00,00,00,00,00,00,00
1756381614929364,00000214,false,Rx,0,4,08,00,00,00,00,00,00,00
1756381614939283,00000213,false,Rx,0,4,08,00,00,00,00,00,00,00
1756381614939402,00000214,false,Rx,0,4,08,00,00,00,00,00,00,00
1756381614949195,00000213,false,Rx,0,4,08,00,00,00,00,00,00,00
1756381614949297,00000214,false,Rx,0,4,08,00,00,00,00,00,00,00
1756381614959091,00000213,false,Rx,0,4,08,00,00,00,00,00,00,00
1756381614959195,00000214,false,Rx,0,4,08,00,00,00,00,00,00,00
1756381614970102,00000213,false,Rx,0,4,08,00,00,00,00,00,00,00
1756381614970207,00000214,false,Rx,0,4,08,00,00,00,00,00,00,00
1756381614980020,00000213,false,Rx,0,4,08,00,00,00,00,00,00,00
1756381614980136,00000214,false,Rx,0,4,08,00,00,00,00,00,00,00
1756381614989910,00000213,false,Rx,0,4,08,00,00,00,00,00,00,00
1756381614990013,00000214,false,Rx,0,4,08,00,00,00,00,00,00,00
1756381614999807,00000213,false,Rx,0,4,08,00,00,00,00,00,00,00
1756381614999910,00000214,false,Rx,0,4,08,00,00,00,00,00,00,00
1756381615010815,00000213,false,Rx,0,4,08,00,00,00,00,00,00,00
1756381615010936,00000214,false,Rx,0,4,08,00,00,00,00,00,00,00
1756381615014862,00000701,false,Rx,0,1,05,00,00,00,00,00,00,00
1756381615020714,00000213,false,Rx,0,4,08,00,00,00,00,00,00,00
1756381615020816,00000214,false,Rx,0,4,08,00,00,00,00,00,00,00
1756381615030628,00000213,false,Rx,0,4,08,00,00,00,00,00,00,00
1756381615030730,00000214,false,Rx,0,4,08,00,00,00,00,00,00,00
1756381615040536,00000213,false,Rx,0,4,08,00,00,00,00,00,00,00
1756381615041664,00000214,false,Rx,0,4,08,00,00,00,00,00,00,00
1756381615051584,00000213,false,Rx,0,4,08,00,00,00,00,00,00,00
1756381615051677,00000214,false,Rx,0,4,08,00,00,00,00,00,00,00
1756381615061466,00000213,false,Rx,0,4,08,00,00,00,00,00,00,00
1756381615061550,00000214,false,Rx,0,4,08,00,00,00,00,00,00,00
1756381615071354,00000213,false,Rx,0,4,08,00,00,00,00,00,00,00
1756381615071446,00000214,false,Rx,0,4,08,00,00,00,00,00,00,00
1756381615082354,00000213,false,Rx,0,4,08,00,00,00,00,00,00,00
1756381615082447,00000214,false,Rx,0,4,08,00,00,00,00,00,00,00
1756381615092247,00000213,false,Rx,0,4,08,00,00,00,00,00,00,00
1756381615092348,00000214,false,Rx,0,4,08,00,00,00,00,00,00,00
1756381615102141,00000213,false,Rx,0,4,08,00,00,00,00,00,00,00
1756381615102244,00000214,false,Rx,0,4,08,00,00,00,00,00,00,00
1756381615112043,00000213,false,Rx,0,4,08,00,00,00,00,00,00,00
1756381615112149,00000214,false,Rx,0,4,08,00,00,00,00,00,00,00
1756381615115079,00000701,false,Rx,0,1,05,00,00,00,00,00,00,00
1756381615123058,00000213,false,Rx,0,4,08,00,00,00,00,00,00,00
1756381615123156,00000214,false,Rx,0,4,08,00,00,00,00,00,00,00
1756381615132974,00000213,false,Rx,0,4,08,00,00,00,00,00,00,00
1756381615133063,00000214,false,Rx,0,4,08,00,00,00,00,00,00,00
1756381615142867,00000213,false,Rx,0,4,08,00,00,00,00,00,00,00
1756381615142981,00000214,false,Rx,0,4,08,00,00,00,00,00,00,00
1756381615152774,00000213,false,Rx,0,4,08,00,00,00,00,00,00,00
1756381615153821,00000214,false,Rx,0,4,08,00,00,00,00,00,00,00
1756381615163780,00000213,false,Rx,0,4,08,00,00,00,00,00,00,00
1756381615163875,00000214,false,Rx,0,4,08,00,00,00,00,00,00,00
1756381615173678,00000213,false,Rx,0,4,08,00,00,00,00,00,00,00
1756381615173773,00000214,false,Rx,0,4,08,00,00,00,00,00,00,00
1756381615183581,00000213,false,Rx,0,4,08,00,00,00,00,00,00,00
1756381615183681,00000214,false,Rx,0,4,08,00,00,00,00,00,00,00
1756381615194574,00000213,false,Rx,0,4,08,00,00,00,00,00,00,00
1756381615194678,00000214,false,Rx,0,4,08,00,00,00,00,00,00,00
1756381615204476,00000213,false,Rx,0,4,08,00,00,00,00,00,00,00
1756381615204580,00000214,false,Rx,0,4,08,00,00,00,00,00,00,00
1756381615214383,00000213,false,Rx,0,4,08,00,00,00,00,00,00,00
1756381615214486,00000214,false,Rx,0,4,08,00,00,00,00,00,00,00
1756381615215310,00000701,false,Rx,0,1,05,00,00,00,00,00,00,00
1756381615224277,00000213,false,Rx,0,4,08,00,00,00,00,00,00,00
1756381615224385,00000214,false,Rx,0,4,08,00,00,00,00,00,00,00
1756381615235283,00000213,false,Rx,0,4,08,00,00,00,00,00,00,00
1756381615235387,00000214,false,Rx,0,4,08,00,00,00,00,00,00,00
1756381615245200,00000213,false,Rx,0,4,08,00,00,00,00,00,00,00
1756381615245301,00000214,false,Rx,0,4,08,00,00,00,00,00,00,00
1756381615255097,00000213,false,Rx,0,4,08,00,00,00,00,00,00,00
1756381615255202,00000214,false,Rx,0,4,08,00,00,00,00,00,00,00
1756381615264997,00000213,false,Rx,0,4,08,00,00,00,00,00,00,00
1756381615266078,00000214,false,Rx,0,4,08,00,00,00,00,00,00,00
1756381615275996,00000213,false,Rx,0,4,08,00,00,00,00,00,00,00
1756381615276101,00000214,false,Rx,0,4,08,00,00,00,00,00,00,00
1756381615285920,00000213,false,Rx,0,4,08,00,00,00,00,00,00,00
1756381615286016,00000214,false,Rx,0,4,08,00,00,00,00,00,00,00
1756381615295805,00000213,false,Rx,0,4,08,00,00,00,00,00,00,00
1756381615295910,00000214,false,Rx,0,4,08,00,00,00,00,00,00,00
1756381615306810,00000213,false,Rx,0,4,08,00,00,00,00,00,00,00
1756381615306913,00000214,false,Rx,0,4,08,00,00,00,00,00,00,00
1756381615315606,00000701,false,Rx,0,1,05,00,00,00,00,00,00,00
1756381615316678,00000213,false,Rx,0,4,08,00,00,00,00,00,00,00
1756381615316803,00000214,false,Rx,0,4,08,00,00,00,00,00,00,00
1756381615326622,00000213,false,Rx,0,4,08,00,00,00,00,00,00,00
1756381615326724,00000214,false,Rx,0,4,08,00,00,00,00,00,00,00
1756381615336525,00000213,false,Rx,0,4,08,00,00,00,00,00,00,00
1756381615336628,00000214,false,Rx,0,4,08,00,00,00,00,00,00,00
1756381615347546,00000213,false,Rx,0,4,08,00,00,00,00,00,00,00
1756381615347692,00000214,false,Rx,0,4,08,00,00,00,00,00,00,00
1756381615357440,00000213,false,Rx,0,4,08,00,00,00,00,00,00,00
1756381615357539,00000214,false,Rx,0,4,08,00,00,00,00,00,00,00
1756381615367334,00000213,false,Rx,0,4,08,00,00,00,00,00,00,00
1756381615367437,00000214,false,Rx,0,4,08,00,00,00,00,00,00,00
1756381615377247,00000213,false,Rx,0,4,08,00,00,00,00,00,00,00
1756381615378301,00000214,false,Rx,0,4,08,00,00,00,00,00,00,00
1756381615388257,00000213,false,Rx,0,4,08,00,00,00,00,00,00,00
1756381615388351,00000214,false,Rx,0,4,08,00,00,00,00,00,00,00
1756381615398144,00000213,false,Rx,0,4,08,00,00,00,00,00,00,00
1756381615398245,00000214,false,Rx,0,4,08,00,00,00,00,00,00,00
1756381615408074,00000213,false,Rx,0,4,08,00,00,00,00,00,00,00
1756381615408178,00000214,false,Rx,0,4,08,00,00,00,00,00,00,00
1756381615415835,00000701,false,Rx,0,1,05,00,00,00,00,00,00,00
1756381615419047,00000213,false,Rx,0,4,08,00,00,00,00,00,00,00
1756381615419152,00000214,false,Rx,0,4,08,00,00,00,00,00,00,00
1756381615428963,00000213,false,Rx,0,4,08,00,00,00,00,00,00,00
1756381615429074,00000214,false,Rx,0,4,08,00,00,00,00,00,00,00
1756381615438854,00000213,false,Rx,0,4,08,00,00,00,00,00,00,00
1756381615438959,00000214,false,Rx,0,4,08,00,00,00,00,00,00,00
1756381615448758,00000213,false,Rx,0,4,08,00,00,00,00,00,00,00
1756381615448864,00000214,false,Rx,0,4,08,00,00,00,00,00,00,00
1756381615459765,00000213,false,Rx,0,4,08,00,00,00,00,00,00,00
1756381615459867,00000214,false,Rx,0,4,08,00,00,00,00,00,00,00
1756381615469662,00000213,false,Rx,0,4,08,00,00,00,00,00,00,00
1756381615469782,00000214,false,Rx,0,4,08,00,00,00,00,00,00,00
1756381615479588,00000213,false,Rx,0,4,08,00,00,00,00,00,00,00
1756381615479704,00000214,false,Rx,0,4,08,00,00,00,00,00,00,00
1756381615489483,00000213,false,Rx,0,4,08,00,00,00,00,00,00,00
1756381615490536,00000214,false,Rx,0,4,08,00,00,00,00,00,00,00
1756381615500474,00000213,false,Rx,0,4,08,00,00,00,00,00,00,00
1756381615500579,00000214,false,Rx,0,4,08,00,00,00,00,00,00,00
1756381615510435,00000213,false,Rx,0,4,08,00,00,00,00,00,00,00
1756381615510514,00000214,false,Rx,0,4,08,00,00,00,00,00,00,00
1756381615516058,00000701,false,Rx,0,1,05,00,00,00,00,00,00,00
1756381615520264,00000213,false,Rx,0,4,08,00,00,00,00,00,00,00
1756381615520374,00000214,false,Rx,0,4,08,00,00,00,00,00,00,00
1756381615531282,00000213,false,Rx,0,4,08,00,00,00,00,00,00,00
1756381615531387,00000214,false,Rx,0,4,08,00,00,00,00,00,00,00
1756381615541185,00000213,false,Rx,0,4,08,00,00,00,00,00,00,00
1756381615541291,00000214,false,Rx,0,4,08,00,00,00,00,00,00,00
1756381615551089,00000213,false,Rx,0,4,08,00,00,00,00,00,00,00
1756381615551195,00000214,false,Rx,0,4,08,00,00,00,00,00,00,00
1756381615561005,00000213,false,Rx,0,4,08,00,00,00,00,00,00,00
1756381615561105,00000214,false,Rx,0,4,08,00,00,00,00,00,00,00
1756381615572014,00000213,false,Rx,0,4,08,00,00,00,00,00,00,00
1756381615572112,00000214,false,Rx,0,4,08,00,00,00,00,00,00,00
1756381615581913,00000213,false,Rx,0,4,08,00,00,00,00,00,00,00
1756381615582012,00000214,false,Rx,0,4,08,00,00,00,00,00,00,00
1756381615591826,00000213,false,Rx,0,4,08,00,00,00,00,00,00,00
1756381615591938,00000214,false,Rx,0,4,08,00,00,00,00,00,00,00
1756381615601730,00000213,false,Rx,0,4,08,00,00,00,00,00,00,00
1756381615602775,00000214,false,Rx,0,4,08,00,00,00,00,00,00,00
1756381615612736,00000213,false,Rx,0,4,08,00,00,00,00,00,00,00
1756381615612849,00000214,false,Rx,0,4,08,00,00,00,00,00,00,00
1756381615616297,00000701,false,Rx,0,1,05,00,00,00,00,00,00,00
1756381615622650,00000213,false,Rx,0,4,08,00,00,00,00,00,00,00
1756381615622726,00000214,false,Rx,0,4,08,00,00,00,00,00,00,00
1756381615632548,00000213,false,Rx,0,4,08,00,00,00,00,00,00,00
1756381615632638,00000214,false,Rx,0,4,08,00,00,00,00,00,00,00
1756381615643544,00000213,false,Rx,0,4,08,00,00,00,00,00,00,00
1756381615643638,00000214,false,Rx,0,4,08,00,00,00,00,00,00,00
1756381615653452,00000213,false,Rx,0,4,08,00,00,00,00,00,00,00
1756381615653544,00000214,false,Rx,0,4,08,00,00,00,00,00,00,00
1756381615663363,00000213,false,Rx,0,4,08,00,00,00,00,00,00,00
1756381615663451,00000214,false,Rx,0,4,08,00,00,00,00,00,00,00
1756381615673241,00000213,false,Rx,0,4,08,00,00,00,00,00,00,00
1756381615673347,00000214,false,Rx,0,4,08,00,00,00,00,00,00,00
1756381615684278,00000213,false,Rx,0,4,08,00,00,00,00,00,00,00
1756381615684367,00000214,false,Rx,0,4,08,00,00,00,00,00,00,00
1756381615694160,00000213,false,Rx,0,4,08,00,00,00,00,00,00,00
1756381615694252,00000214,false,Rx,0,4,08,00,00,00,00,00,00,00
1756381615704076,00000213,false,Rx,0,4,08,00,00,00,00,00,00,00
1756381615704157,00000214,false,Rx,0,4,08,00,00,00,00,00,00,00
1756381615713970,00000213,false,Rx,0,4,08,00,00,00,00,00,00,00
1756381615715024,00000214,false,Rx,0,4,08,00,00,00,00,00,00,00
1756381615716539,00000701,false,Rx,0,1,05,00,00,00,00,00,00,00
1756381615724976,00000213,false,Rx,0,4,08,00,00,00,00,00,00,00
1756381615725075,00000214,false,Rx,0,4,08,00,00,00,00,00,00,00
1756381615734874,00000213,false,Rx,0,4,08,00,00,00,00,00,00,00
1756381615734973,00000214,false,Rx,0,4,08,00,00,00,00,00,00,00
1756381615744778,00000213,false,Rx,0,4,08,00,00,00,00,00,00,00
1756381615744874,00000214,false,Rx,0,4,08,00,00,00,00,00,00,00
1756381615755783,00000213,false,Rx,0,4,08,00,00,00,00,00,00,00
1756381615755878,00000214,false,Rx,0,4,08,00,00,00,00,00,00,00
1756381615765686,00000213,false,Rx,0,4,08,00,00,00,00,00,00,00
1756381615765779,00000214,false,Rx,0,4,08,00,00,00,00,00,00,00
1756381615775591,00000213,false,Rx,0,4,08,00,00,00,00,00,00,00
1756381615775684,00000214,false,Rx,0,4,08,00,00,00,00,00,00,00
1756381615785497,00000213,false,Rx,0,4,08,00,00,00,00,00,00,00
1756381615785592,00000214,false,Rx,0,4,08,00,00,00,00,00,00,00
1756381615796484,00000213,false,Rx,0,4,08,00,00,00,00,00,00,00
1756381615796586,00000214,false,Rx,0,4,08,00,00,00,00,00,00,00
1756381615806398,00000213,false,Rx,0,4,08,00,00,00,00,00,00,00
1756381615806490,00000214,false,Rx,0,4,08,00,00,00,00,00,00,00
1756381615816296,00000213,false,Rx,0,4,08,00,00,00,00,00,00,00
1756381615816388,00000214,false,Rx,0,4,08,00,00,00,00,00,00,00
1756381615816614,00000701,false,Rx,0,1,05,00,00,00,00,00,00,00
1756381615826223,00000213,false,Rx,0,4,08,00,00,00,00,00,00,00
1756381615827256,00000214,false,Rx,0,4,08,00,00,00,00,00,00,00
1756381615837211,00000213,false,Rx,0,4,08,00,00,00,00,00,00,00
1756381615837305,00000214,false,Rx,0,4,08,00,00,00,00,00,00,00
1756381615847121,00000213,false,Rx,0,4,08,00,00,00,00,00,00,00
1756381615847211,00000214,false,Rx,0,4,08,00,00,00,00,00,00,00
1756381615857019,00000213,false,Rx,0,4,08,00,00,00,00,00,00,00
1756381615857109,00000214,false,Rx,0,4,08,00,00,00,00,00,00,00
1756381615868015,00000213,false,Rx,0,4,08,00,00,00,00,00,00,00
1756381615868114,00000214,false,Rx,0,4,08,00,00,00,00,00,00,00
1756381615877918,00000213,false,Rx,0,4,08,00,00,00,00,00,00,00
1756381615878013,00000214,false,Rx,0,4,08,00,00,00,00,00,00,00
1756381615887830,00000213,false,Rx,0,4,08,00,00,00,00,00,00,00
1756381615887920,00000214,false,Rx,0,4,08,00,00,00,00,00,00,00
1756381615897720,00000213,false,Rx,0,4,08,00,00,00,00,00,00,00
1756381615897817,00000214,false,Rx,0,4,08,00,00,00,00,00,00,00
1756381615908744,00000213,false,Rx,0,4,08,00,00,00,00,00,00,00
1756381615908829,00000214,false,Rx,0,4,08,00,00,00,00,00,00,00
1756381615916971,00000701,false,Rx,0,1,05,00,00,00,00,00,00,00
1756381615918625,00000213,false,Rx,0,4,08,00,00,00,00,00,00,00
1756381615918723,00000214,false,Rx,0,4,08,00,00,00,00,00,00,00
1756381615928531,00000213,false,Rx,0,4,08,00,00,00,00,00,00,00
1756381615928630,00000214,false,Rx,0,4,08,00,00,00,00,00,00,00
1756381615938449,00000213,false,Rx,0,4,08,00,00,00,00,00,00,00
1756381615939532,00000214,false,Rx,0,4,08,00,00,00,00,00,00,00
1756381615949437,00000213,false,Rx,0,4,08,00,00,00,00,00,00,00
1756381615949553,00000214,false,Rx,0,4,08,00,00,00,00,00,00,00
1756381615959339,00000213,false,Rx,0,4,08,00,00,00,00,00,00,00
1756381615959442,00000214,false,Rx,0,4,08,00,00,00,00,00,00,00
1756381615969240,00000213,false,Rx,0,4,08,00,00,00,00,00,00,00
1756381615969359,00000214,false,Rx,0,4,08,00,00,00,00,00,00,00
1756381615980287,00000213,false,Rx,0,4,08,00,00,00,00,00,00,00
1756381615980426,00000214,false,Rx,0,4,08,00,00,00,00,00,00,00
1756381615990155,00000213,false,Rx,0,4,08,00,00,00,00,00,00,00
1756381615990250,00000214,false,Rx,0,4,08,00,00,00,00,00,00,00
1756381616000065,00000213,false,Rx,0,4,08,00,00,00,00,00,00,00
1756381616000154,00000214,false,Rx,0,4,08,00,00,00,00,00,00,00
1756381616009955,00000213,false,Rx,0,4,08,00,00,00,00,00,00,00
1756381616010054,00000214,false,Rx,0,4,08,00,00,00,00,00,00,00
1756381616017124,00000701,false,Rx,0,1,05,00,00,00,00,00,00,00
1756381616020947,00000213,false,Rx,0,4,08,00,00,00,00,00,00,00
1756381616021051,00000214,false,Rx,0,4,08,00,00,00,00,00,00,00
1756381616030863,00000213,false,Rx,0,4,08,00,00,00,00,00,00,00
1756381616030963,00000214,false,Rx,0,4,08,00,00,00,00,00,00,00
1756381616040768,00000213,false,Rx,0,4,08,00,00,00,00,00,00,00
1756381616040866,00000214,false,Rx,0,4,08,00,00,00,00,00,00,00
1756381616050675,00000213,false,Rx,0,4,08,00,00,00,00,00,00,00
1756381616051751,00000214,false,Rx,0,4,08,00,00,00,00,00,00,00
1756381616061681,00000213,false,Rx,0,4,08,00,00,00,00,00,00,00
1756381616061778,00000214,false,Rx,0,4,08,00,00,00,00,00,00,00
1756381616071585,00000213,false,Rx,0,4,08,00,00,00,00,00,00,00
1756381616071681,00000214,false,Rx,0,4,08,00,00,00,00,00,00,00
1756381616081490,00000213,false,Rx,0,4,08,00,00,00,00,00,00,00
1756381616081604,00000214,false,Rx,0,4,08,00,00,00,00,00,00,00
1756381616092486,00000213,false,Rx,0,4,08,00,00,00,00,00,00,00
1756381616092584,00000214,false,Rx,0,4,08,00,00,00,00,00,00,00
1756381616102392,00000213,false,Rx,0,4,08,00,00,00,00,00,00,00
1756381616102488,00000214,false,Rx,0,4,08,00,00,00,00,00,00,00
1756381616112292,00000213,false,Rx,0,4,08,00,00,00,00,00,00,00
1756381616112391,00000214,false,Rx,0,4,08,00,00,00,00,00,00,00
1756381616117256,00000701,false,Rx,0,1,05,00,00,00,00,00,00,00
1756381616122171,00000213,false,Rx,0,4,08,00,00,00,00,00,00,00
1756381616122280,00000214,false,Rx,0,4,08,00,00,00,00,00,00,00
1756381616133198,00000213,false,Rx,0,4,08,00,00,00,00,00,00,00
1756381616133295,00000214,false,Rx,0,4,08,00,00,00,00,00,00,00
1756381616143099,00000213,false,Rx,0,4,08,00,00,00,00,00,00,00
1756381616143199,00000214,false,Rx,0,4,08,00,00,00,00,00,00,00
1756381616153004,00000213,false,Rx,0,4,08,00,00,00,00,00,00,00
1756381616153114,00000214,false,Rx,0,4,08,00,00,00,00,00,00,00
1756381616162914,00000213,false,Rx,0,4,08,00,00,00,00,00,00,00
1756381616163996,00000214,false,Rx,0,4,08,00,00,00,00,00,00,00
1756381616173917,00000213,false,Rx,0,4,08,00,00,00,00,00,00,00
1756381616174026,00000214,false,Rx,0,4,08,00,00,00,00,00,00,00
1756381616183827,00000213,false,Rx,0,4,08,00,00,00,00,00,00,00
1756381616183919,00000214,false,Rx,0,4,08,00,00,00,00,00,00,00
1756381616193721,00000213,false,Rx,0,4,08,00,00,00,00,00,00,00
1756381616193818,00000214,false,Rx,0,4,08,00,00,00,00,00,00,00
1756381616202057,00000081,false,Rx,0,8,20,81,80,07,00,00,00,00
1756381616206312,00000213,false,Rx,0,4,08,00,00,00,00,00,00,00
1756381616206431,00000214,false,Rx,0,4,08,00,00,00,00,00,00,00
1756381616210950,00000081,false,Rx,0,8,20,81,80,06,00,00,00,00
1756381616225263,00000081,false,Rx,0,8,00,00,80,07,00,00,00,00
1756381616225363,00000213,false,Rx,0,4,08,00,00,00,00,00,00,00
1756381616225489,00000214,false,Rx,0,4,08,00,00,00,00,00,00,00
1756381616231194,00000081,false,Rx,0,8,00,00,80,06,00,00,00,00
1756381616234412,00000213,false,Rx,0,4,08,00,00,00,00,00,00,00
1756381616234518,00000214,false,Rx,0,4,08,00,00,00,00,00,00,00
1756381616250277,00000081,false,Rx,0,8,20,81,80,07,00,00,00,00
1756381616250351,00000213,false,Rx,0,4,08,00,00,00,00,00,00,00
1756381616250498,00000214,false,Rx,0,4,08,00,00,00,00,00,00,00
1756381616251338,00000081,false,Rx,0,8,20,81,80,06,00,00,00,00
1756381616255318,00000213,false,Rx,0,4,08,00,00,00,00,00,00,00
1756381616255429,00000214,false,Rx,0,4,08,00,00,00,00,00,00,00
1756381616265226,00000213,false,Rx,0,4,08,00,00,00,00,00,00,00
1756381616265336,00000214,false,Rx,0,4,08,00,00,00,00,00,00,00
1756381616275136,00000213,false,Rx,0,4,08,00,00,00,00,00,00,00
1756381616276214,00000214,false,Rx,0,4,08,00,00,00,00,00,00,00
1756381616336203,00000081,false,Rx,0,8,00,00,80,01,00,00,00,00
1756381616336307,00000213,false,Rx,0,4,08,00,00,00,00,00,00,00
1756381616336419,00000081,false,Rx,0,8,00,00,80,07,00,00,00,00
1756381616336537,00000214,false,Rx,0,4,08,00,00,00,00,00,00,00
1756381616336710,00000213,false,Rx,0,4,08,00,00,00,00,00,00,00
1756381616336835,00000214,false,Rx,0,4,08,00,00,00,00,00,00,00
1756381616342574,00000081,false,Rx,0,8,00,00,80,12,00,00,00,00
1756381616346631,00000213,false,Rx,0,4,08,00,00,00,00,00,00,00
1756381616346745,00000214,false,Rx,0,4,08,00,00,00,00,00,00,00
1756381616352789,00000081,false,Rx,0,8,00,00,80,06,00,00,00,00
1756381616357661,00000213,false,Rx,0,4,08,00,00,00,00,00,00,00
1756381616357770,00000214,false,Rx,0,4,08,00,00,00,00,00,00,00
1756381616362876,00000081,false,Rx,0,8,20,81,80,07,00,00,00,00
1756381616367563,00000213,false,Rx,0,4,08,00,00,00,00,00,00,00
1756381616367685,00000214,false,Rx,0,4,08,00,00,00,00,00,00,00
1756381616372978,00000081,false,Rx,0,8,20,81,80,06,00,00,00,00
1756381616377450,00000213,false,Rx,0,4,08,00,00,00,00,00,00,00
1756381616377565,00000214,false,Rx,0,4,08,00,00,00,00,00,00,00
1756381616387376,00000213,false,Rx,0,4,08,00,00,00,00,00,00,00
1756381616388456,00000214,false,Rx,0,4,08,00,00,00,00,00,00,00
1756381616398390,00000213,false,Rx,0,4,08,00,00,00,00,00,00,00
1756381616398491,00000214,false,Rx,0,4,08,00,00,00,00,00,00,00
1756381616408308,00000213,false,Rx,0,4,08,00,00,00,00,00,00,00
1756381616408395,00000214,false,Rx,0,4,08,00,00,00,00,00,00,00
1756381616418021,00000701,false,Rx,0,1,05,00,00,00,00,00,00,00
1756381616418163,00000213,false,Rx,0,4,08,00,00,00,00,00,00,00
1756381616418285,00000214,false,Rx,0,4,08,00,00,00,00,00,00,00
1756381616429227,00000213,false,Rx,0,4,08,00,00,00,00,00,00,00
1756381616429315,00000214,false,Rx,0,4,08,00,00,00,00,00,00,00
1756381616439115,00000213,false,Rx,0,4,08,00,00,00,00,00,00,00
1756381616439207,00000214,false,Rx,0,4,08,00,00,00,00,00,00,00
1756381616449013,00000213,false,Rx,0,4,08,00,00,00,00,00,00,00
1756381616449119,00000214,false,Rx,0,4,08,00,00,00,00,00,00,00
1756381616458920,00000213,false,Rx,0,4,08,00,00,00,00,00,00,00
1756381616459012,00000214,false,Rx,0,4,08,00,00,00,00,00,00,00
1756381616469886,00000213,false,Rx,0,4,08,00,00,00,00,00,00,00
1756381616470008,00000214,false,Rx,0,4,08,00,00,00,00,00,00,00
1756381616479819,00000213,false,Rx,0,4,08,00,00,00,00,00,00,00
1756381616479921,00000214,false,Rx,0,4,08,00,00,00,00,00,00,00
1756381616489692,00000213,false,Rx,0,4,08,00,00,00,00,00,00,00
1756381616489815,00000214,false,Rx,0,4,08,00,00,00,00,00,00,00
1756381616499621,00000213,false,Rx,0,4,08,00,00,00,00,00,00,00
1756381616500684,00000214,false,Rx,0,4,08,00,00,00,00,00,00,00
1756381616510702,00000213,false,Rx,0,4,08,00,00,00,00,00,00,00
1756381616510748,00000214,false,Rx,0,4,08,00,00,00,00,00,00,00
1756381616518222,00000701,false,Rx,0,1,05,00,00,00,00,00,00,00
1756381616520526,00000213,false,Rx,0,4,08,00,00,00,00,00,00,00
1756381616520626,00000214,false,Rx,0,4,08,00,00,00,00,00,00,00
1756381616530444,00000213,false,Rx,0,4,08,00,00,00,00,00,00,00
1756381616530537,00000214,false,Rx,0,4,08,00,00,00,00,00,00,00
1756381616541449,00000213,false,Rx,0,4,08,00,00,00,00,00,00,00
1756381616541543,00000214,false,Rx,0,4,08,00,00,00,00,00,00,00
1756381616551346,00000213,false,Rx,0,4,08,00,00,00,00,00,00,00
1756381616551443,00000214,false,Rx,0,4,08,00,00,00,00,00,00,00
1756381616561247,00000213,false,Rx,0,4,08,00,00,00,00,00,00,00
1756381616561340,00000214,false,Rx,0,4,08,00,00,00,00,00,00,00
1756381616583716,00000081,false,Rx,0,8,00,00,80,07,00,00,00,00
1756381616583807,00000213,false,Rx,0,4,08,00,00,00,00,00,00,00
1756381616583928,00000214,false,Rx,0,4,08,00,00,00,00,00,00,00
1756381616596680,00000081,false,Rx,0,8,00,00,80,06,00,00,00,00
1756381616596775,00000213,false,Rx,0,4,08,00,00,00,00,00,00,00
1756381616596907,00000214,false,Rx,0,4,08,00,00,00,00,00,00,00
1756381616601757,00000081,false,Rx,0,8,20,81,80,07,00,00,00,00
1756381616601924,00000213,false,Rx,0,4,08,00,00,00,00,00,00,00
1756381616602046,00000214,false,Rx,0,4,08,00,00,00,00,00,00,00
1756381616611995,00000081,false,Rx,0,8,20,81,80,06,00,00,00,00
1756381616612953,00000213,false,Rx,0,4,08,00,00,00,00,00,00,00
1756381616613055,00000214,false,Rx,0,4,08,00,00,00,00,00,00,00
1756381616618460,00000701,false,Rx,0,1,05,00,00,00,00,00,00,00
1756381616622855,00000213,false,Rx,0,4,08,00,00,00,00,00,00,00
1756381616622955,00000214,false,Rx,0,4,08,00,00,00,00,00,00,00
1756381616632777,00000213,false,Rx,0,4,08,00,00,00,00,00,00,00
1756381616632872,00000214,false,Rx,0,4,08,00,00,00,00,00,00,00
1756381616642679,00000213,false,Rx,0,4,08,00,00,00,00,00,00,00
1756381616642769,00000214,false,Rx,0,4,08,00,00,00,00,00,00,00
1756381616653683,00000213,false,Rx,0,4,08,00,00,00,00,00,00,00
1756381616653776,00000214,false,Rx,0,4,08,00,00,00,00,00,00,00
1756381616663582,00000213,false,Rx,0,4,08,00,00,00,00,00,00,00
1756381616663677,00000214,false,Rx,0,4,08,00,00,00,00,00,00,00
1756381616673498,00000213,false,Rx,0,4,08,00,00,00,00,00,00,00
1756381616673586,00000214,false,Rx,0,4,08,00,00,00,00,00,00,00
1756381616683394,00000213,false,Rx,0,4,08,00,00,00,00,00,00,00
1756381616683488,00000214,false,Rx,0,4,08,00,00,00,00,00,00,00
1756381616694400,00000213,false,Rx,0,4,08,00,00,00,00,00,00,00
1756381616694496,00000214,false,Rx,0,4,08,00,00,00,00,00,00,00
1756381616704305,00000213,false,Rx,0,4,08,00,00,00,00,00,00,00
1756381616704398,00000214,false,Rx,0,4,08,00,00,00,00,00,00,00
1756381616714203,00000213,false,Rx,0,4,08,00,00,00,00,00,00,00
1756381616714298,00000214,false,Rx,0,4,08,00,00,00,00,00,00,00
1756381616718690,00000701,false,Rx,0,1,05,00,00,00,00,00,00,00
1756381616724129,00000213,false,Rx,0,4,08,00,00,00,00,00,00,00
1756381616725167,00000214,false,Rx,0,4,08,00,00,00,00,00,00,00
1756381616735115,00000213,false,Rx,0,4,08,00,00,00,00,00,00,00
1756381616735209,00000214,false,Rx,0,4,08,00,00,00,00,00,00,00
1756381616745011,00000213,false,Rx,0,4,08,00,00,00,00,00,00,00
1756381616745109,00000214,false,Rx,0,4,08,00,00,00,00,00,00,00
1756381616754915,00000213,false,Rx,0,4,08,00,00,00,00,00,00,00
1756381616755016,00000214,false,Rx,0,4,08,00,00,00,00,00,00,00
1756381616765921,00000213,false,Rx,0,4,08,00,00,00,00,00,00,00
1756381616766022,00000214,false,Rx,0,4,08,00,00,00,00,00,00,00
1756381616775822,00000213,false,Rx,0,4,08,00,00,00,00,00,00,00
1756381616775919,00000214,false,Rx,0,4,08,00,00,00,00,00,00,00
1756381616785722,00000213,false,Rx,0,4,08,00,00,00,00,00,00,00
1756381616785822,00000214,false,Rx,0,4,08,00,00,00,00,00,00,00
1756381616795630,00000213,false,Rx,0,4,08,00,00,00,00,00,00,00
1756381616795728,00000214,false,Rx,0,4,08,00,00,00,00,00,00,00
1756381616806640,00000213,false,Rx,0,4,08,00,00,00,00,00,00,00
1756381616806735,00000214,false,Rx,0,4,08,00,00,00,00,00,00,00
1756381616816535,00000213,false,Rx,0,4,08,00,00,00,00,00,00,00
1756381616816632,00000214,false,Rx,0,4,08,00,00,00,00,00,00,00
1756381616818910,00000701,false,Rx,0,1,05,00,00,00,00,00,00,00
1756381616826441,00000213,false,Rx,0,4,08,00,00,00,00,00,00,00
1756381616826542,00000214,false,Rx,0,4,08,00,00,00,00,00,00,00
1756381616836357,00000213,false,Rx,0,4,08,00,00,00,00,00,00,00
1756381616837414,00000214,false,Rx,0,4,08,00,00,00,00,00,00,00
1756381616847361,00000213,false,Rx,0,4,08,00,00,00,00,00,00,00
1756381616847459,00000214,false,Rx,0,4,08,00,00,00,00,00,00,00
1756381616857256,00000213,false,Rx,0,4,08,00,00,00,00,00,00,00
1756381616857351,00000214,false,Rx,0,4,08,00,00,00,00,00,00,00
1756381616867162,00000213,false,Rx,0,4,08,00,00,00,00,00,00,00
1756381616867251,00000214,false,Rx,0,4,08,00,00,00,00,00,00,00
1756381616878162,00000213,false,Rx,0,4,08,00,00,00,00,00,00,00
1756381616878258,00000214,false,Rx,0,4,08,00,00,00,00,00,00,00
1756381616888092,00000213,false,Rx,0,4,08,00,00,00,00,00,00,00
1756381616888192,00000214,false,Rx,0,4,08,00,00,00,00,00,00,00
1756381616897969,00000213,false,Rx,0,4,08,00,00,00,00,00,00,00
1756381616898064,00000214,false,Rx,0,4,08,00,00,00,00,00,00,00
1756381616907863,00000213,false,Rx,0,4,08,00,00,00,00,00,00,00
1756381616907965,00000214,false,Rx,0,4,08,00,00,00,00,00,00,00
1756381616918875,00000213,false,Rx,0,4,08,00,00,00,00,00,00,00
1756381616918970,00000214,false,Rx,0,4,08,00,00,00,00,00,00,00
1756381616919144,00000701,false,Rx,0,1,05,00,00,00,00,00,00,00
1756381616928779,00000213,false,Rx,0,4,08,00,00,00,00,00,00,00
1756381616928872,00000214,false,Rx,0,4,08,00,00,00,00,00,00,00
1756381616938676,00000213,false,Rx,0,4,08,00,00,00,00,00,00,00
1756381616938781,00000214,false,Rx,0,4,08,00,00,00,00,00,00,00
1756381616948602,00000213,false,Rx,0,4,08,00,00,00,00,00,00,00
1756381616949658,00000214,false,Rx,0,4,08,00,00,00,00,00,00,00
1756381616959586,00000213,false,Rx,0,4,08,00,00,00,00,00,00,00
1756381616959679,00000214,false,Rx,0,4,08,00,00,00,00,00,00,00
1756381616969502,00000213,false,Rx,0,4,08,00,00,00,00,00,00,00
1756381616969600,00000214,false,Rx,0,4,08,00,00,00,00,00,00,00
1756381616979397,00000213,false,Rx,0,4,08,00,00,00,00,00,00,00
1756381616979492,00000214,false,Rx,0,4,08,00,00,00,00,00,00,00
1756381616990409,00000213,false,Rx,0,4,08,00,00,00,00,00,00,00
1756381616990505,00000214,false,Rx,0,4,08,00,00,00,00,00,00,00
1756381617000342,00000213,false,Rx,0,4,08,00,00,00,00,00,00,00
1756381617000429,00000214,false,Rx,0,4,08,00,00,00,00,00,00,00
1756381617010209,00000213,false,Rx,0,4,08,00,00,00,00,00,00,00
1756381617010302,00000214,false,Rx,0,4,08,00,00,00,00,00,00,00
1756381617019819,00000701,false,Rx,0,1,05,00,00,00,00,00,00,00
1756381617020094,00000213,false,Rx,0,4,08,00,00,00,00,00,00,00
1756381617020192,00000214,false,Rx,0,4,08,00,00,00,00,00,00,00
1756381617031136,00000213,false,Rx,0,4,08,00,00,00,00,00,00,00
1756381617031696,00000214,false,Rx,0,4,08,00,00,00,00,00,00,00
1756381617041098,00000213,false,Rx,0,4,08,00,00,00,00,00,00,00
1756381617041232,00000214,false,Rx,0,4,08,00,00,00,00,00,00,00
1756381617050994,00000213,false,Rx,0,4,08,00,00,00,00,00,00,00
1756381617051087,00000214,false,Rx,0,4,08,00,00,00,00,00,00,00
1756381617060895,00000213,false,Rx,0,4,08,00,00,00,00,00,00,00
1756381617061919,00000214,false,Rx,0,4,08,00,00,00,00,00,00,00
1756381617071825,00000213,false,Rx,0,4,08,00,00,00,00,00,00,00
1756381617071922,00000214,false,Rx,0,4,08,00,00,00,00,00,00,00
1756381617081760,00000213,false,Rx,0,4,08,00,00,00,00,00,00,00
1756381617081895,00000214,false,Rx,0,4,08,00,00,00,00,00,00,00
1756381617091635,00000213,false,Rx,0,4,08,00,00,00,00,00,00,00
1756381617091733,00000214,false,Rx,0,4,08,00,00,00,00,00,00,00
1756381617102647,00000213,false,Rx,0,4,08,00,00,00,00,00,00,00
1756381617102736,00000214,false,Rx,0,4,08,00,00,00,00,00,00,00
1756381617112531,00000213,false,Rx,0,4,08,00,00,00,00,00,00,00
1756381617112629,00000214,false,Rx,0,4,08,00,00,00,00,00,00,00
1756381617119600,00000701,false,Rx,0,1,05,00,00,00,00,00,00,00
1756381617122429,00000213,false,Rx,0,4,08,00,00,00,00,00,00,00
1756381617122535,00000214,false,Rx,0,4,08,00,00,00,00,00,00,00
1756381617132333,00000213,false,Rx,0,4,08,00,00,00,00,00,00,00
1756381617132433,00000214,false,Rx,0,4,08,00,00,00,00,00,00,00
1756381617143341,00000213,false,Rx,0,4,08,00,00,00,00,00,00,00
1756381617143445,00000214,false,Rx,0,4,08,00,00,00,00,00,00,00
1756381617153248,00000213,false,Rx,0,4,08,00,00,00,00,00,00,00
1756381617153346,00000214,false,Rx,0,4,08,00,00,00,00,00,00,00
1756381617163148,00000213,false,Rx,0,4,08,00,00,00,00,00,00,00
1756381617163244,00000214,false,Rx,0,4,08,00,00,00,00,00,00,00
1756381617173049,00000213,false,Rx,0,4,08,00,00,00,00,00,00,00
1756381617174106,00000214,false,Rx,0,4,08,00,00,00,00,00,00,00
1756381617184092,00000213,false,Rx,0,4,08,00,00,00,00,00,00,00
1756381617184170,00000214,false,Rx,0,4,08,00,00,00,00,00,00,00
1756381617193960,00000213,false,Rx,0,4,08,00,00,00,00,00,00,00
1756381617194061,00000214,false,Rx,0,4,08,00,00,00,00,00,00,00
1756381617203867,00000213,false,Rx,0,4,08,00,00,00,00,00,00,00
1756381617203982,00000214,false,Rx,0,4,08,00,00,00,00,00,00,00
1756381617214863,00000213,false,Rx,0,4,08,00,00,00,00,00,00,00
1756381617214967,00000214,false,Rx,0,4,08,00,00,00,00,00,00,00
1756381617219836,00000701,false,Rx,0,1,05,00,00,00,00,00,00,00
1756381617224764,00000213,false,Rx,0,4,08,00,00,00,00,00,00,00
1756381617224874,00000214,false,Rx,0,4,08,00,00,00,00,00,00,00
1756381617234680,00000213,false,Rx,0,4,08,00,00,00,00,00,00,00
1756381617234778,00000214,false,Rx,0,4,08,00,00,00,00,00,00,00
1756381617244576,00000213,false,Rx,0,4,08,00,00,00,00,00,00,00
1756381617244678,00000214,false,Rx,0,4,08,00,00,00,00,00,00,00
1756381617255581,00000213,false,Rx,0,4,08,00,00,00,00,00,00,00
1756381617255683,00000214,false,Rx,0,4,08,00,00,00,00,00,00,00
1756381617265496,00000213,false,Rx,0,4,08,00,00,00,00,00,00,00
1756381617265592,00000214,false,Rx,0,4,08,00,00,00,00,00,00,00
1756381617275395,00000213,false,Rx,0,4,08,00,00,00,00,00,00,00
1756381617275490,00000214,false,Rx,0,4,08,00,00,00,00,00,00,00
1756381617285314,00000213,false,Rx,0,4,08,00,00,00,00,00,00,00
1756381617286396,00000214,false,Rx,0,4,08,00,00,00,00,00,00,00
1756381617296291,00000213,false,Rx,0,4,08,00,00,00,00,00,00,00
1756381617296408,00000214,false,Rx,0,4,08,00,00,00,00,00,00,00
1756381617306201,00000213,false,Rx,0,4,08,00,00,00,00,00,00,00
1756381617306303,00000214,false,Rx,0,4,08,00,00,00,00,00,00,00
1756381617316126,00000213,false,Rx,0,4,08,00,00,00,00,00,00,00
1756381617316199,00000214,false,Rx,0,4,08,00,00,00,00,00,00,00
1756381617320088,00000701,false,Rx,0,1,05,00,00,00,00,00,00,00
1756381617327082,00000213,false,Rx,0,4,08,00,00,00,00,00,00,00
1756381617327188,00000214,false,Rx,0,4,08,00,00,00,00,00,00,00
1756381617336968,00000213,false,Rx,0,4,08,00,00,00,00,00,00,00
1756381617337087,00000214,false,Rx,0,4,08,00,00,00,00,00,00,00
1756381617346870,00000213,false,Rx,0,4,08,00,00,00,00,00,00,00
1756381617346990,00000214,false,Rx,0,4,08,00,00,00,00,00,00,00
1756381617356772,00000213,false,Rx,0,4,08,00,00,00,00,00,00,00
1756381617356893,00000214,false,Rx,0,4,08,00,00,00,00,00,00,00
1756381617367777,00000213,false,Rx,0,4,08,00,00,00,00,00,00,00
1756381617367899,00000214,false,Rx,0,4,08,00,00,00,00,00,00,00
1756381617377683,00000213,false,Rx,0,4,08,00,00,00,00,00,00,00
1756381617377804,00000214,false,Rx,0,4,08,00,00,00,00,00,00,00
1756381617387593,00000213,false,Rx,0,4,08,00,00,00,00,00,00,00
1756381617387712,00000214,false,Rx,0,4,08,00,00,00,00,00,00,00
1756381617397494,00000213,false,Rx,0,4,08,00,00,00,00,00,00,00
1756381617398577,00000214,false,Rx,0,4,08,00,00,00,00,00,00,00
1756381617408477,00000213,false,Rx,0,4,08,00,00,00,00,00,00,00
1756381617408600,00000214,false,Rx,0,4,08,00,00,00,00,00,00,00
1756381617418382,00000213,false,Rx,0,4,08,00,00,00,00,00,00,00
1756381617418506,00000214,false,Rx,0,4,08,00,00,00,00,00,00,00
1756381617420250,00000701,false,Rx,0,1,05,00,00,00,00,00,00,00
1756381617428287,00000213,false,Rx,0,4,08,00,00,00,00,00,00,00
1756381617428410,00000214,false,Rx,0,4,08,00,00,00,00,00,00,00
1756381617439298,00000213,false,Rx,0,4,08,00,00,00,00,00,00,00
1756381617439422,00000214,false,Rx,0,4,08,00,00,00,00,00,00,00
1756381617449189,00000213,false,Rx,0,4,08,00,00,00,00,00,00,00
1756381617449313,00000214,false,Rx,0,4,08,00,00,00,00,00,00,00
1756381617459097,00000213,false,Rx,0,4,08,00,00,00,00,00,00,00
1756381617459223,00000214,false,Rx,0,4,08,00,00,00,00,00,00,00
1756381617469010,00000213,false,Rx,0,4,08,00,00,00,00,00,00,00
1756381617469132,00000214,false,Rx,0,4,08,00,00,00,00,00,00,00
1756381617480008,00000213,false,Rx,0,4,08,00,00,00,00,00,00,00
1756381617480132,00000214,false,Rx,0,4,08,00,00,00,00,00,00,00
1756381617489915,00000213,false,Rx,0,4,08,00,00,00,00,00,00,00
1756381617490038,00000214,false,Rx,0,4,08,00,00,00,00,00,00,00
1756381617499834,00000213,false,Rx,0,4,08,00,00,00,00,00,00,00
1756381617499950,00000214,false,Rx,0,4,08,00,00,00,00,00,00,00
1756381617509749,00000213,false,Rx,0,4,08,00,00,00,00,00,00,00
1756381617510884,00000214,false,Rx,0,4,08,00,00,00,00,00,00,00
1756381617511450,00000081,false,Rx,0,8,00,00,80,01,00,00,00,00
1756381617520518,00000701,false,Rx,0,1,05,00,00,00,00,00,00,00
1756381617520715,00000213,false,Rx,0,4,08,00,00,00,00,00,00,00
1756381617520839,00000214,false,Rx,0,4,08,00,00,00,00,00,00,00
1756381617530653,00000213,false,Rx,0,4,08,00,00,00,00,00,00,00
1756381617530764,00000214,false,Rx,0,4,08,00,00,00,00,00,00,00
1756381617540557,00000213,false,Rx,0,4,08,00,00,00,00,00,00,00
1756381617540664,00000214,false,Rx,0,4,08,00,00,00,00,00,00,00
1756381617551564,00000213,false,Rx,0,4,08,00,00,00,00,00,00,00
1756381617551669,00000214,false,Rx,0,4,08,00,00,00,00,00,00,00
1756381617561583,00000213,false,Rx,0,4,08,00,00,00,00,00,00,00
1756381617561667,00000214,false,Rx,0,4,08,00,00,00,00,00,00,00
1756381617571594,00000213,false,Rx,0,4,08,00,00,00,00,00,00,00
1756381617571692,00000214,false,Rx,0,4,08,00,00,00,00,00,00,00
1756381617581412,00000213,false,Rx,0,4,08,00,00,00,00,00,00,00
1756381617581496,00000214,false,Rx,0,4,08,00,00,00,00,00,00,00
1756381617592345,00000213,false,Rx,0,4,08,00,00,00,00,00,00,00
1756381617592430,00000214,false,Rx,0,4,08,00,00,00,00,00,00,00
1756381617602210,00000213,false,Rx,0,4,08,00,00,00,00,00,00,00
1756381617602313,00000214,false,Rx,0,4,08,00,00,00,00,00,00,00
1756381617612125,00000213,false,Rx,0,4,08,00,00,00,00,00,00,00
1756381617612207,00000214,false,Rx,0,4,08,00,00,00,00,00,00,00
1756381617620670,00000701,false,Rx,0,1,05,00,00,00,00,00,00,00
1756381617622037,00000213,false,Rx,0,4,08,00,00,00,00,00,00,00
1756381617623077,00000214,false,Rx,0,4,08,00,00,00,00,00,00,00
1756381617632988,00000213,false,Rx,0,4,08,00,00,00,00,00,00,00
1756381617633096,00000214,false,Rx,0,4,08,00,00,00,00,00,00,00
1756381617642891,00000213,false,Rx,0,4,08,00,00,00,00,00,00,00
1756381617642992,00000214,false,Rx,0,4,08,00,00,00,00,00,00,00
1756381617652798,00000213,false,Rx,0,4,08,00,00,00,00,00,00,00
1756381617652905,00000214,false,Rx,0,4,08,00,00,00,00,00,00,00
1756381617663797,00000213,false,Rx,0,4,08,00,00,00,00,00,00,00
1756381617663897,00000214,false,Rx,0,4,08,00,00,00,00,00,00,00
1756381617673692,00000213,false,Rx,0,4,08,00,00,00,00,00,00,00
1756381617673803,00000214,false,Rx,0,4,08,00,00,00,00,00,00,00
1756381617683635,00000213,false,Rx,0,4,08,00,00,00,00,00,00,00
1756381617683729,00000214,false,Rx,0,4,08,00,00,00,00,00,00,00
1756381617693553,00000213,false,Rx,0,4,08,00,00,00,00,00,00,00
1756381617693655,00000214,false,Rx,0,4,08,00,00,00,00,00,00,00
1756381617704522,00000213,false,Rx,0,4,08,00,00,00,00,00,00,00
1756381617704625,00000214,false,Rx,0,4,08,00,00,00,00,00,00,00
1756381617714447,00000213,false,Rx,0,4,08,00,00,00,00,00,00,00
1756381617714559,00000214,false,Rx,0,4,08,00,00,00,00,00,00,00
1756381617720902,00000701,false,Rx,0,1,05,00,00,00,00,00,00,00
1756381617724340,00000213,false,Rx,0,4,08,00,00,00,00,00,00,00
1756381617724463,00000214,false,Rx,0,4,08,00,00,00,00,00,00,00
1756381617735346,00000213,false,Rx,0,4,08,00,00,00,00,00,00,00
1756381617735447,00000214,false,Rx,0,4,08,00,00,00,00,00,00,00
1756381617745262,00000213,false,Rx,0,4,08,00,00,00,00,00,00,00
1756381617745358,00000214,false,Rx,0,4,08,00,00,00,00,00,00,00
1756381617755179,00000213,false,Rx,0,4,08,00,00,00,00,00,00,00
1756381617755262,00000214,false,Rx,0,4,08,00,00,00,00,00,00,00
1756381617765860,00000213,false,Rx,0,4,08,00,00,00,00,00,00,00
1756381617765954,00000214,false,Rx,0,4,08,00,00,00,00,00,00,00
1756381617776098,00000213,false,Rx,0,4,08,00,00,00,00,00,00,00
1756381617776229,00000214,false,Rx,0,4,08,00,00,00,00,00,00,00
1756381617785980,00000213,false,Rx,0,4,08,00,00,00,00,00,00,00
1756381617786094,00000214,false,Rx,0,4,08,00,00,00,00,00,00,00
1756381617795873,00000213,false,Rx,0,4,08,00,00,00,00,00,00,00
1756381617795963,00000214,false,Rx,0,4,08,00,00,00,00,00,00,00
1756381617805778,00000213,false,Rx,0,4,08,00,00,00,00,00,00,00
1756381617805869,00000214,false,Rx,0,4,08,00,00,00,00,00,00,00
1756381617816776,00000213,false,Rx,0,4,08,00,00,00,00,00,00,00
1756381617816868,00000214,false,Rx,0,4,08,00,00,00,00,00,00,00
1756381617821173,00000701,false,Rx,0,1,05,00,00,00,00,00,00,00
1756381617826672,00000213,false,Rx,0,4,08,00,00,00,00,00,00,00
1756381617826774,00000214,false,Rx,0,4,08,00,00,00,00,00,00,00
1756381617836579,00000213,false,Rx,0,4,08,00,00,00,00,00,00,00
1756381617836676,00000214,false,Rx,0,4,08,00,00,00,00,00,00,00
1756381617846897,00000213,false,Rx,0,4,08,00,00,00,00,00,00,00
1756381617847566,00000214,false,Rx,0,4,08,00,00,00,00,00,00,00
1756381617857478,00000213,false,Rx,0,4,08,00,00,00,00,00,00,00
1756381617857579,00000214,false,Rx,0,4,08,00,00,00,00,00,00,00
1756381617867390,00000213,false,Rx,0,4,08,00,00,00,00,00,00,00
1756381617867487,00000214,false,Rx,0,4,08,00,00,00,00,00,00,00
1756381617877287,00000213,false,Rx,0,4,08,00,00,00,00,00,00,00
1756381617877402,00000214,false,Rx,0,4,08,00,00,00,00,00,00,00
1756381617888323,00000213,false,Rx,0,4,08,00,00,00,00,00,00,00
1756381617888393,00000214,false,Rx,0,4,08,00,00,00,00,00,00,00
1756381617898216,00000213,false,Rx,0,4,08,00,00,00,00,00,00,00
1756381617898703,00000214,false,Rx,0,4,08,00,00,00,00,00,00,00
1756381617908108,00000213,false,Rx,0,4,08,00,00,00,00,00,00,00
1756381617908213,00000214,false,Rx,0,4,08,00,00,00,00,00,00,00
1756381617918023,00000213,false,Rx,0,4,08,00,00,00,00,00,00,00
1756381617918111,00000214,false,Rx,0,4,08,00,00,00,00,00,00,00
1756381617921438,00000701,false,Rx,0,1,05,00,00,00,00,00,00,00
1756381617929015,00000213,false,Rx,0,4,08,00,00,00,00,00,00,00
1756381617929108,00000214,false,Rx,0,4,08,00,00,00,00,00,00,00
1756381617938919,00000213,false,Rx,0,4,08,00,00,00,00,00,00,00
1756381617939014,00000214,false,Rx,0,4,08,00,00,00,00,00,00,00
1756381617948822,00000213,false,Rx,0,4,08,00,00,00,00,00,00,00
1756381617948916,00000214,false,Rx,0,4,08,00,00,00,00,00,00,00
1756381617959190,00000213,false,Rx,0,4,08,00,00,00,00,00,00,00
1756381617959806,00000214,false,Rx,0,4,08,00,00,00,00,00,00,00
1756381617969720,00000213,false,Rx,0,4,08,00,00,00,00,00,00,00
1756381617969838,00000214,false,Rx,0,4,08,00,00,00,00,00,00,00
1756381617979647,00000213,false,Rx,0,4,08,00,00,00,00,00,00,00
1756381617980178,00000214,false,Rx,0,4,08,00,00,00,00,00,00,00
1756381617989541,00000213,false,Rx,0,4,08,00,00,00,00,00,00,00
1756381617989654,00000214,false,Rx,0,4,08,00,00,00,00,00,00,00
1756381618000563,00000213,false,Rx,0,4,08,00,00,00,00,00,00,00
1756381618001084,00000214,false,Rx,0,4,08,00,00,00,00,00,00,00
1756381618010433,00000213,false,Rx,0,4,08,00,00,00,00,00,00,00
1756381618010538,00000214,false,Rx,0,4,08,00,00,00,00,00,00,00
1756381618020336,00000213,false,Rx,0,4,08,00,00,00,00,00,00,00
1756381618020892,00000214,false,Rx,0,4,08,00,00,00,00,00,00,00
1756381618021606,00000701,false,Rx,0,1,05,00,00,00,00,00,00,00
1756381618030233,00000213,false,Rx,0,4,08,00,00,00,00,00,00,00
1756381618031319,00000214,false,Rx,0,4,08,00,00,00,00,00,00,00
1756381618041217,00000213,false,Rx,0,4,08,00,00,00,00,00,00,00
1756381618041331,00000214,false,Rx,0,4,08,00,00,00,00,00,00,00
1756381618051123,00000213,false,Rx,0,4,08,00,00,00,00,00,00,00
1756381618051242,00000214,false,Rx,0,4,08,00,00,00,00,00,00,00
1756381618061023,00000213,false,Rx,0,4,08,00,00,00,00,00,00,00
1756381618061137,00000214,false,Rx,0,4,08,00,00,00,00,00,00,00
1756381618072045,00000213,false,Rx,0,4,08,00,00,00,00,00,00,00
1756381618072156,00000214,false,Rx,0,4,08,00,00,00,00,00,00,00
1756381618081946,00000213,false,Rx,0,4,08,00,00,00,00,00,00,00
1756381618082053,00000214,false,Rx,0,4,08,00,00,00,00,00,00,00
1756381618091846,00000213,false,Rx,0,4,08,00,00,00,00,00,00,00
1756381618091952,00000214,false,Rx,0,4,08,00,00,00,00,00,00,00
1756381618101744,00000213,false,Rx,0,4,08,00,00,00,00,00,00,00
1756381618101854,00000214,false,Rx,0,4,08,00,00,00,00,00,00,00
1756381618112752,00000213,false,Rx,0,4,08,00,00,00,00,00,00,00
1756381618112864,00000214,false,Rx,0,4,08,00,00,00,00,00,00,00
1756381618121730,00000701,false,Rx,0,1,05,00,00,00,00,00,00,00
1756381618122631,00000213,false,Rx,0,4,08,00,00,00,00,00,00,00
1756381618122748,00000214,false,Rx,0,4,08,00,00,00,00,00,00,00
1756381618132552,00000213,false,Rx,0,4,08,00,00,00,00,00,00,00
1756381618132667,00000214,false,Rx,0,4,08,00,00,00,00,00,00,00
1756381618142464,00000213,false,Rx,0,4,08,00,00,00,00,00,00,00
1756381618143541,00000214,false,Rx,0,4,08,00,00,00,00,00,00,00
1756381618153456,00000213,false,Rx,0,4,08,00,00,00,00,00,00,00
1756381618153569,00000214,false,Rx,0,4,08,00,00,00,00,00,00,00
1756381618163370,00000213,false,Rx,0,4,08,00,00,00,00,00,00,00
1756381618163484,00000214,false,Rx,0,4,08,00,00,00,00,00,00,00
1756381618173272,00000213,false,Rx,0,4,08,00,00,00,00,00,00,00
1756381618173378,00000214,false,Rx,0,4,08,00,00,00,00,00,00,00
1756381618184267,00000213,false,Rx,0,4,08,00,00,00,00,00,00,00
1756381618184394,00000214,false,Rx,0,4,08,00,00,00,00,00,00,00
1756381619186324,00000004,false,Rx,0,8,00,20,00,00,00,00,00,00
1756381621463603,00000701,false,Rx,0,1,00,00,00,00,00,00,00,00
1756381621464149,00000181,false,Rx,0,8,00,00,00,00,00,00,00,00
1756381621464268,00000213,false,Rx,0,4,00,00,00,00,00,00,00,00
1756381621464393,00000214,false,Rx,0,4,00,00,00,00,00,00,00,00
